Job Title,Location,Salary,Monthly Salary,Locality,City,State
Robotics / STEM Trainer,"Indore, Madhya Pradesh","₹1,80,000 - ₹3,60,000 a year",270000.0,,Indore,Madhya Pradesh
HTML Developers - Freshers,"Banaswadi, Bengaluru, Karnataka",Not specified,,Banaswadi,Bengaluru,Karnataka
Java Developers - Freshers,"Banaswadi, Bengaluru, Karnataka",Not specified,,Banaswadi,Bengaluru,Karnataka
"Teachers - Pre-Primary and Primary (English, Mathematics, EVS and Computers)","Pulivendla, Andhra Pradesh","₹20,000 - ₹30,000 a month",25000.0,,Pulivendla,Andhra Pradesh
College Student,Remote,"₹15,000 - ₹20,000 a month",17500.0,Remote,Remote,Remote
Software Testers - Freshers,"Banaswadi, Bengaluru, Karnataka",Not specified,,Banaswadi,Bengaluru,Karnataka
Web Developer - Freshers,"Banaswadi, Bengaluru, Karnataka",Not specified,,Banaswadi,Bengaluru,Karnataka
Computer Operator and Data Entry - Freshers,"Banaswadi, Bengaluru, Karnataka",Not specified,,Banaswadi,Bengaluru,Karnataka
Back Office Assistant,Remote,"₹14,678 - ₹22,689 a month",18683.5,Remote,Remote,Remote
Customer Service Officer,Remote,"From ₹12,800 a month",,Remote,Remote,Remote
Recruiter,Remote,"₹12,000 - ₹25,000 a month",18500.0,Remote,Remote,Remote
Sales Advisor_ Work From Home,Remote,"₹10,000 - ₹25,000 a month",17500.0,Remote,Remote,Remote
Junior Python Developer,"Kochi, Kerala","₹35,000 - ₹55,000 a month",45000.0,,Kochi,Kerala
Customer Support - Trainee,Remote,"₹3,00,000 - ₹6,00,000 a year",450000.0,Remote,Remote,Remote
Fresher KYC Verification Executive,"Indraprastha H.O, Delhi, Delhi","₹17,000 - ₹23,000 a month",20000.0,Indraprastha H.O,Delhi,Delhi
Trainee,"Powai, Mumbai, Maharashtra","₹4,00,000 - ₹6,00,000 a year",500000.0,Powai,Mumbai,Maharashtra
Chat Support Representative- Mohali,"Mohali, Punjab","₹30,000 - ₹35,000 a month",32500.0,,Mohali,Punjab
"Fresher (ITI , Diploma or Any Degree)","Erode, Tamil Nadu","₹12,000 - ₹15,000 a month",13500.0,,Erode,Tamil Nadu
Python Intern Trainee,"Kulasegaram, Tamil Nadu","₹8,500 - ₹22,000 a month",15250.0,,Kulasegaram,Tamil Nadu
Software Engineer Trainee - Freshers,"Tirunelveli, Tamil Nadu",Not specified,,,Tirunelveli,Tamil Nadu
Programmer Trainee,Remote,"From ₹2,71,362.01 a year",,Remote,Remote,Remote
Quality Analyst,Remote,"₹2,80,000 - ₹3,50,000 a year",315000.0,Remote,Remote,Remote
Data Entry Operator,"Hassan, Karnataka",Not specified,,,Hassan,Karnataka
Mobile App Developer - Freshers,"Banaswadi, Bengaluru, Karnataka",Not specified,,Banaswadi,Bengaluru,Karnataka
Mega Walk-in drive Customer Service Representative- Fresher's,"Noida, Uttar Pradesh","₹13,000 - ₹17,000 a month",15000.0,,Noida,Uttar Pradesh
Python Developer Trainee,Kerala,Not specified,,Kerala,Kerala,Kerala
Junior Data Scientist,"Bengaluru, Karnataka","₹2,50,000 - ₹5,00,000 a year",375000.0,,Bengaluru,Karnataka
Digital Marketing - Freshers,"Banaswadi, Bengaluru, Karnataka",Not specified,,Banaswadi,Bengaluru,Karnataka
Receptionist,"Thrissur, Kerala",Not specified,,,Thrissur,Kerala
Web Developer - Fresher,"Madurai, Tamil Nadu",Not specified,,,Madurai,Tamil Nadu
Document verification (office Fresher Applied Now),"Delhi Cantt, Delhi, Delhi","₹10,914.81 - ₹21,867.53 a month",16391.17,Delhi Cantt,Delhi,Delhi
Graduate Trainee,Remote,Not specified,,Remote,Remote,Remote
Internship JOB Opening for freshers,Remote,"₹8,000 - ₹15,000 a month",11500.0,Remote,Remote,Remote
Consultant Doctor,"Tirupati, Andhra Pradesh","₹20,000 - ₹25,000 a month",22500.0,,Tirupati,Andhra Pradesh
Software Trainees,"Bengaluru, Karnataka",Not specified,,,Bengaluru,Karnataka
Back Office Assistant,"Pimpri-Chinchwad, Maharashtra","₹28,000 - ₹34,000 a month",31000.0,,Pimpri-Chinchwad,Maharashtra
Digital Marketing Intern,Remote,"₹10,000 - ₹15,000 a month",12500.0,Remote,Remote,Remote
Fresher - Malayalam,"Coimbatore, Tamil Nadu","₹8,086.00 - ₹26,786.74 a month",17436.370000000003,,Coimbatore,Tamil Nadu
Call Quality Analyst,"Bengaluru, Karnataka","₹4,00,000 - ₹5,00,000 a year",450000.0,,Bengaluru,Karnataka
Marketing Intern,"Anantapur, Andhra Pradesh",Not specified,,,Anantapur,Andhra Pradesh
Junior Engineers(Freshers),"Kochi, Kerala",Not specified,,,Kochi,Kerala
Social Media Manager,Remote,"From ₹32,000 a month",,Remote,Remote,Remote
HR Assistant,"Madurai, Tamil Nadu","₹12,000 - ₹15,000 a month",13500.0,,Madurai,Tamil Nadu
Digital Marketing Intern,Remote,"₹2,000 - ₹5,000 a day",3500.0,Remote,Remote,Remote
Fresh Graduates (Male),"Singanallur, Tamil Nadu",Not specified,,,Singanallur,Tamil Nadu
Manager,"Idukki, Kerala",Not specified,,,Idukki,Kerala
Freshers - Trainee,"Hyderabad, Telangana",Not specified,,,Hyderabad,Telangana
Hiring Freshers for Bangalore Location ( Budget upto 45k inhand),"Bengaluru, Karnataka","₹30,000 - ₹50,000 a month",40000.0,,Bengaluru,Karnataka
Phone Banking Officer,"Jaipur, Rajasthan","₹2,00,000 - ₹3,50,000 a year",275000.0,,Jaipur,Rajasthan
"Trainee Engineer, Fresher","Indore, Madhya Pradesh",Not specified,,,Indore,Madhya Pradesh
Content Creator,Remote,"₹30,000 - ₹60,000 a month",45000.0,Remote,Remote,Remote
Social Media Manager,Remote,"₹11,347.87 - ₹43,137.86 a month",27242.865,Remote,Remote,Remote
Amazon Advertising Executive,"Thrissur, Kerala","₹14,000 - ₹17,500 a month",15750.0,,Thrissur,Kerala
Software Engineer,"Pune, Maharashtra",Not specified,,,Pune,Maharashtra
Administration/Office Manager,"Thrissur, Kerala","₹15,000 - ₹25,000 a month",20000.0,,Thrissur,Kerala
Draftsman,India,₹8 - ₹10 an hour,,India,India,India
Documents verification,"Vadapalani, Chennai, Tamil Nadu","₹15,000 - ₹30,000 a month",22500.0,Vadapalani,Chennai,Tamil Nadu
Software Developer Fresher,India,Not specified,,India,India,India
E-Commerce works agency with Amazon PPC Ad management,Remote,"₹12,000.00 - ₹33,807.10 a month",22903.55,Remote,Remote,Remote
Delivery Partner/Delivery Executive,"Manipala, Karnataka","₹20,000 - ₹45,000 a month",32500.0,,Manipala,Karnataka
Store & Purchase Executive,"Durgapur, West Bengal","₹20,000 - ₹40,000 a month",30000.0,,Durgapur,West Bengal
Account Executive,"Muvattupuzha, Kerala","₹12,000 - ₹60,000 a month",36000.0,,Muvattupuzha,Kerala
Software Trainee,"Pollachi H.O, Tamil Nadu",Not specified,,,Pollachi H.O,Tamil Nadu
Need female graduates to train school student in Bandel,"Hugli, West Bengal","₹15,000 - ₹18,000 a month",16500.0,,Hugli,West Bengal
Billing Executive,"Idukki, Kerala","₹15,000 - ₹21,000 a month",18000.0,,Idukki,Kerala
Hotel Management Trainee,"Kottayam, Kerala","₹20,000 - ₹30,000 a month",25000.0,,Kottayam,Kerala
FACULTY WANTED - COMMERCE,"Pollachi, Tamil Nadu","₹18,000 - ₹45,000 a month",31500.0,,Pollachi,Tamil Nadu
Project Manager,Remote,"From ₹25,000 a month",,Remote,Remote,Remote
Editor,"Bengaluru, Karnataka","Up to ₹4,00,000 a year",,,Bengaluru,Karnataka
Front Office,"Kochi, Kerala","₹20,000 - ₹25,000 a month",22500.0,,Kochi,Kerala
RTO Executive,"Erode, Tamil Nadu","₹16,000 - ₹20,000 a month",18000.0,,Erode,Tamil Nadu
HR Co-ordinator,"Thrissur, Kerala","₹12,000 - ₹15,000 a month",13500.0,,Thrissur,Kerala
Content Writers - Part Time,"Hubli, Karnataka",Not specified,,,Hubli,Karnataka
Video Editor,Remote,"₹5,000 - ₹7,000 a month",6000.0,Remote,Remote,Remote
Delivery Partner/Delivery Executive,"Kochi, Kerala","₹15,000 - ₹45,000 a month",30000.0,,Kochi,Kerala
Fresher Software engineer at Technopark,"Thiruvananthapuram, Kerala","₹9,000 - ₹12,000 a month",10500.0,,Thiruvananthapuram,Kerala
AWS intern,Remote,Not specified,,Remote,Remote,Remote
Video Editing Intern,Remote,"₹4,000 - ₹5,000 a month",4500.0,Remote,Remote,Remote
Google Ads Executive(fresher/experience),"Ambli, Ahmedabad, Gujarat","Up to ₹35,000 a month",,Ambli,Ahmedabad,Gujarat
JET - Fresher Diploma Engineer(Mechanical/Fabrication/Production),"Surat, Gujarat","₹2,00,000 - ₹3,00,000 a year",250000.0,,Surat,Gujarat
Executive Diploma Trainee,"Bengaluru, Karnataka",Not specified,,,Bengaluru,Karnataka
tellecaller,"Shimla, Himachal Pradesh","₹18,569 - ₹27,467 a month",23018.0,,Shimla,Himachal Pradesh
Supervisors/Incharges,"Pudukkottai, Tamil Nadu",Not specified,,,Pudukkottai,Tamil Nadu
Junior Business Analyst,"Udumalaippettai, Tamil Nadu","Up to ₹10,000 a month",,,Udumalaippettai,Tamil Nadu
Computer Faculty,Remote,"From ₹10,000 a month",,Remote,Remote,Remote
Process Associate,"Bhubaneswar, Orissa","₹1,00,000 - ₹2,20,000 a year",160000.0,,Bhubaneswar,Orissa
Fresher IT Software Training in Infopark,"Kochi, Kerala","₹9,000 - ₹15,000 a month",12000.0,,Kochi,Kerala
Hotel Management Trainee,"Thiruvananthapuram, Kerala","₹24,000 - ₹32,000 a month",28000.0,,Thiruvananthapuram,Kerala
Kyc Verification Executive Fresher,"Naraina, Delhi, Delhi",Not specified,,Naraina,Delhi,Delhi
Video Editor,Remote,"₹10,000 - ₹15,000 a month",12500.0,Remote,Remote,Remote
Business Development Associate,"Bengaluru, Karnataka","₹4,50,000 - ₹5,00,000 a year",475000.0,,Bengaluru,Karnataka
Hindi Content Writer Intern.,Remote,"₹10,000 a month",10000.0,Remote,Remote,Remote
Digital Marketing Intern,Remote,"₹5,000 - ₹6,000 a month",5500.0,Remote,Remote,Remote
Delivery Partner/Delivery Executive,"Mangalore, Karnataka","₹20,000 - ₹60,000 a month",40000.0,,Mangalore,Karnataka
Social Media Intern (Remote),Remote,"₹4,900 - ₹5,000 a month",4950.0,Remote,Remote,Remote
Summer Internship Programme,"Mohali, Punjab","From ₹10,000 a month",,,Mohali,Punjab
Wanted female office assistants,"Gandhipuram, Coimbatore, Tamil Nadu","From ₹17,000 a month",,Gandhipuram,Coimbatore,Tamil Nadu
UI/UX Freshers (2024),Remote,"₹5,00,000 a year",500000.0,Remote,Remote,Remote
Graphic Designer Internship,Remote,"₹7,000 - ₹10,000 a month",8500.0,Remote,Remote,Remote
Trainee,"Rampur, Uttar Pradesh",Not specified,,,Rampur,Uttar Pradesh
Digital Marketing Intern/Fresher,Delhi,"Up to ₹10,000 a month",,Delhi,Delhi,Delhi
Data Entry Operators,Delhi,Not specified,,Delhi,Delhi,Delhi
Content Creator Intern,Remote,"₹5,000 - ₹10,000 a month",7500.0,Remote,Remote,Remote
QA/QC Trainee,"Vadodara, Gujarat",Not specified,,,Vadodara,Gujarat
Document verification,"Nesapakkam, Chennai, Tamil Nadu","₹15,000 a month",15000.0,Nesapakkam,Chennai,Tamil Nadu
Digital Marketing Manager,Remote,"₹32,500 - ₹36,500 a month",34500.0,Remote,Remote,Remote
Freshers - Delhi,"Delhi, Delhi","₹7,50,000 a year",750000.0,,Delhi,Delhi
QA Engineer Fresher,"Pune, Maharashtra","₹20,000 - ₹30,000 a month",25000.0,,Pune,Maharashtra
Social Media Intern,Remote,"₹8,086.00 - ₹22,129.77 a month",15107.885,Remote,Remote,Remote
Receptionist Front Desk,"Delhi, Delhi","From ₹35,000 a month",,,Delhi,Delhi
Derivatives Trader,Delhi,Not specified,,Delhi,Delhi,Delhi
Document verification fresher apply now,"Gurugram, Haryana","₹11,109.96 - ₹32,719.16 a month",21914.559999999998,,Gurugram,Haryana
Technical Support Engineer,"Bengaluru, Karnataka","₹24,000 - ₹43,000 a month",33500.0,,Bengaluru,Karnataka
Freshers / Internship,"Pune, Maharashtra",Not specified,,,Pune,Maharashtra
Shipment /Pricing/ Documentation Executive - (Freshers can apply),"Tambaram West, Chennai, Tamil Nadu",Not specified,,Tambaram West,Chennai,Tamil Nadu
Fresher software tester internship,"Kochi, Kerala","₹10,000 - ₹15,000 a month",12500.0,,Kochi,Kerala
Fresher Engineer,"Pune, Maharashtra",Not specified,,,Pune,Maharashtra
Python - Fresher,"Pune, Maharashtra",Not specified,,,Pune,Maharashtra
Graduate Student,"Kochi, Kerala","₹10,000 - ₹15,000 a month",12500.0,,Kochi,Kerala
FRESHERS BOOTCAMP Job oriented Program,Remote,Not specified,,Remote,Remote,Remote
Project Manager,"Madurai, Tamil Nadu","₹15,000 - ₹35,000 a month",25000.0,,Madurai,Tamil Nadu
Cyber Security Trainee,India,"₹20,000 a month",20000.0,India,India,India
SEO Intern/Trainee,Remote,Not specified,,Remote,Remote,Remote
Corporate Assistant - Freshers,"Banaswadi, Bengaluru, Karnataka",Not specified,,Banaswadi,Bengaluru,Karnataka
Trainee Software Developer Fresher,"Vadodara, Gujarat",Not specified,,,Vadodara,Gujarat
TRAINEE ENGINEER- NETWORK SECURITY,"Bengaluru, Karnataka","₹4,00,000 a year",400000.0,,Bengaluru,Karnataka
IT fresher(Trainee engineer),"Bengaluru, Karnataka","₹2,50,000 - ₹3,00,000 a year",275000.0,,Bengaluru,Karnataka
SEO Executive,Remote,"₹5,000 - ₹8,000 a month",6500.0,Remote,Remote,Remote
Trainee - Junior Data Analyst,"Coimbatore, Tamil Nadu",Not specified,,,Coimbatore,Tamil Nadu
Java Fresher,Karnataka,Not specified,,Karnataka,Karnataka,Karnataka
Academic Advisor (Work from Home),"Perumbavoor, Kerala","₹12,000 - ₹25,000 a month",18500.0,,Perumbavoor,Kerala
Research Analyst (Fresher),"Noida, Uttar Pradesh","₹3,50,000 a year",350000.0,,Noida,Uttar Pradesh
Social Media Manager,Remote,"₹6,500 - ₹17,000 a month",11750.0,Remote,Remote,Remote
QA Fresher,"Ahmedabad, Gujarat","Up to ₹2,50,000 a year",,,Ahmedabad,Gujarat
Google Ads Specialist,"Ahmedabad, Gujarat","₹4,00,000 - ₹7,00,000 a year",550000.0,,Ahmedabad,Gujarat
Alt-Text Writer - General,Remote,"₹20,000 - ₹25,000 a month",22500.0,Remote,Remote,Remote
Talent Acquisition Specialist- Freshers,Remote,Not specified,,Remote,Remote,Remote
Accounts Assistant,"Pollachi, Tamil Nadu","From ₹15,000 a month",,,Pollachi,Tamil Nadu
Graduate Trainee (full Time),Goa,"₹3,25,000 - ₹4,75,000 a year",400000.0,Goa,Goa,Goa
Voice Process Trainee,Remote,"₹10,000 - ₹25,000 a month",17500.0,Remote,Remote,Remote
Quality Engineer Trainee,"Bommasandra Industrial Estate, Bengaluru, Karnataka","₹4,00,000 a year",400000.0,Bommasandra Industrial Estate,Bengaluru,Karnataka
freshers,"Aruppukkottai, Tamil Nadu","₹7,000 - ₹10,000 a month",8500.0,,Aruppukkottai,Tamil Nadu
Finance Intern,Remote,"₹10,000 - ₹20,000 a month",15000.0,Remote,Remote,Remote
HR Recruiter,Remote,"₹10,000 - ₹15,000 a month",12500.0,Remote,Remote,Remote
Power BI – Fresher,"Mumbai, Maharashtra",Not specified,,,Mumbai,Maharashtra
Field Officer,"Kokrajhar, Assam","₹15,000 a month",15000.0,,Kokrajhar,Assam
HR Executive Fresher,Remote,"From ₹9,306.88 a month",,Remote,Remote,Remote
Jewel Data Entry,"Kavundampalayam, Coimbatore, Tamil Nadu","₹10,000 - ₹17,000 a month",13500.0,Kavundampalayam,Coimbatore,Tamil Nadu
Operations Co-ordinator,"Kottayam, Kerala","₹15,000 - ₹20,000 a month",17500.0,,Kottayam,Kerala
Data Analyst,"Tambaram, Chennai, Tamil Nadu","₹18,000 - ₹36,000 a month",27000.0,Tambaram,Chennai,Tamil Nadu
Fresher opening for Manual Testing,"Ashapur, Varanasi, Uttar Pradesh","₹10,161.00 - ₹30,193.25 a month",20177.125,Ashapur,Varanasi,Uttar Pradesh
Quality Analyst,"Kottivakkam, Chennai, Tamil Nadu","₹17,800 - ₹35,900 a month",26850.0,Kottivakkam,Chennai,Tamil Nadu
Production Fresher,"Chakan, Pune, Maharashtra","₹20,000 - ₹25,000 a month",22500.0,Chakan,Pune,Maharashtra
GET (Graduate Engineer Trainee),"Bengaluru, Karnataka","₹1,00,000 - ₹1,20,000 a year",110000.0,,Bengaluru,Karnataka
jewellery cad designer,Remote,"₹15,000 - ₹30,000 a month",22500.0,Remote,Remote,Remote
IT Recruiters – Freshers,"Bengaluru, Karnataka",Not specified,,,Bengaluru,Karnataka
Factory Helpers / Helpers,"Bengaluru, Karnataka","₹14,700 - ₹20,650 a month",17675.0,,Bengaluru,Karnataka
Fresher Software Developer,"Gadarwara, Madhya Pradesh",Not specified,,,Gadarwara,Madhya Pradesh
Project Manager,"Bengaluru, Karnataka",Not specified,,,Bengaluru,Karnataka
Data Analyst,"Saidapet, Chennai, Tamil Nadu","₹17,500 - ₹30,000 a month",23750.0,Saidapet,Chennai,Tamil Nadu
TEACHER,"Cannanore, Kerala","₹10,000 - ₹30,000 a month",20000.0,,Cannanore,Kerala
Hybrid Mobile App Developer,"Kuzhittura, Tamil Nadu","₹8,000 - ₹35,000 a month",21500.0,,Kuzhittura,Tamil Nadu
Fellow - GI-HPB Surgery,"Kolkata, West Bengal",Not specified,,,Kolkata,West Bengal
Digital and AI Marketing Service Executive,Remote,"₹25,000 - ₹60,000 a month",42500.0,Remote,Remote,Remote
Freshers and Experience can apply,"Patan, Gujarat","₹12,000 - ₹35,000 a month",23500.0,,Patan,Gujarat
Remote IT Talent Sourcer (Fresher),Remote,Not specified,,Remote,Remote,Remote
Freelance Contributor,Remote,"₹2,000 - ₹5,000 a month",3500.0,Remote,Remote,Remote
Freelance Recruiter,Remote,"Up to ₹42,000 a month",,Remote,Remote,Remote
Customer Service Executive,"Whitefield, Bengaluru, Karnataka","₹2,50,000 - ₹3,80,000 a year",315000.0,Whitefield,Bengaluru,Karnataka
Process Associates – BPO Non-voice,"Coimbatore, Tamil Nadu",Not specified,,,Coimbatore,Tamil Nadu
Developer Trainee,"Cannanore, Kerala",Not specified,,,Cannanore,Kerala
Flutter Intern,"Padmanabhapuram, Tamil Nadu",Not specified,,,Padmanabhapuram,Tamil Nadu
Delivery Partner/Delivery Executive,"Madurai, Tamil Nadu","₹15,000 - ₹45,000 a month",30000.0,,Madurai,Tamil Nadu
Management Trainee,Remote,"₹5,00,000 - ₹8,00,000 a year",650000.0,Remote,Remote,Remote
Visa submission officer - Operations,"Puducherry, Puducherry","₹19,000 - ₹20,000 a month",19500.0,,Puducherry,Puducherry
Intern/ Trainee Mobile Development,"Delhi, Delhi",Not specified,,,Delhi,Delhi
Drug Safety Associate,"Nashik, Maharashtra","₹28,086.00 - ₹40,714.29 a month",34400.145000000004,,Nashik,Maharashtra
MEP Supervisor,"Chennai, Tamil Nadu","₹15,000 - ₹30,000 a month",22500.0,,Chennai,Tamil Nadu
Accounts Assistant,"Calicut, Kerala",Not specified,,,Calicut,Kerala
Fresher Mern Stack Developer,"Kochi, Kerala","₹10,000 - ₹13,000 a month",11500.0,,Kochi,Kerala
Data Entry Operator/Computer Operator,"Thiruvananthapuram, Kerala","₹14,000 - ₹16,000 a month",15000.0,,Thiruvananthapuram,Kerala
Delivery Partner/Delivery Executive,"Thrissur, Kerala","₹15,000 - ₹45,000 a month",30000.0,,Thrissur,Kerala
Artificial Intelligence Researcher - Freshers,"Banaswadi, Bengaluru, Karnataka",Not specified,,Banaswadi,Bengaluru,Karnataka
BCA Fresher,"Bellandur, Bengaluru, Karnataka","₹2,00,000 - ₹4,00,000 a year",300000.0,Bellandur,Bengaluru,Karnataka
TRAINEE ENGINEER,"Thiruvananthapuram, Kerala",Not specified,,,Thiruvananthapuram,Kerala
HR Internship,"Bengaluru, Karnataka","₹5,000 - ₹10,000 a month",7500.0,,Bengaluru,Karnataka
Product Intern,Remote,Not specified,,Remote,Remote,Remote
Research Associate,"Kharadi, Pune, Maharashtra","₹20,000 - ₹40,000 a month",30000.0,Kharadi,Pune,Maharashtra
Jr. PHP Developer (Fresher with 3-6 months training in PHP),"Mohali, Punjab","₹10,000 - ₹25,000 a month",17500.0,,Mohali,Punjab
Service Engineer - Fresher (ITI or Diploma or Any Degree),"Hyderabad, Telangana","₹18,000 - ₹25,000 a month",21500.0,,Hyderabad,Telangana
MBA Fresher,"Dharwad District, Karnataka","₹10,000 - ₹15,000 a month",12500.0,,Dharwad District,Karnataka
Vacancy For Fresher - Nathdwara Rajasthan,"Rajsamand, Rajasthan","₹12,000 - ₹14,000 a month",13000.0,,Rajsamand,Rajasthan
Billing Manager,"Ramanathapuram, Tamil Nadu","₹6,500 - ₹8,500 a month",7500.0,,Ramanathapuram,Tamil Nadu
SALES & GODOWN WORK,"Thiruvarur, Tamil Nadu","₹15,000 - ₹25,000 a month",20000.0,,Thiruvarur,Tamil Nadu
Business Development,Remote,"From ₹30,000 a month",,Remote,Remote,Remote
Quality Analyst / Software Tester / Manual Tester,Delhi,Not specified,,Delhi,Delhi,Delhi
Immediate hiring for freshers,"Coimbatore, Tamil Nadu","From ₹10,000 a month",,,Coimbatore,Tamil Nadu
HR Recruiter (IT/Non IT) Freshers,"Bengaluru, Karnataka","₹2,50,000 a year",250000.0,,Bengaluru,Karnataka
Sales Executive- Freshers can apply,"Coimbatore, Tamil Nadu","₹15,000 - ₹20,000 a month",17500.0,,Coimbatore,Tamil Nadu
Coding Freshers,India,Not specified,,India,India,India
Data Mining (Freshers from Nagpur Location Only),"Nagpur, Maharashtra","₹8,500 - ₹12,000 a month",10250.0,,Nagpur,Maharashtra
Power App Trainee (Freshers),"Thiruvananthapuram, Kerala","₹12,000 - ₹25,000 a month",18500.0,,Thiruvananthapuram,Kerala
Technical fresher,"Noida, Uttar Pradesh",Not specified,,,Noida,Uttar Pradesh
Data Entry Operator Fresher,"Udyog Bhawan, Delhi, Delhi","₹16,000 - ₹20,000 a month",18000.0,Udyog Bhawan,Delhi,Delhi
Medical Biller - DME USA,"Delhi, Delhi","₹20,000 a month",20000.0,,Delhi,Delhi
Logistics Executive,"Kochi, Kerala",Not specified,,,Kochi,Kerala
Area Executive (Agri / Milk Procurement),"Bijawar, Madhya Pradesh",Not specified,,,Bijawar,Madhya Pradesh
Full Stack Development Intern,"Lucknow, Uttar Pradesh","Up to ₹3,00,000 a year",,,Lucknow,Uttar Pradesh
Data Entry Operator,"Balasore, Orissa",Not specified,,,Balasore,Orissa
Marketing Intern,"Ramanathapuram, Tamil Nadu","₹8,000 - ₹10,000 a month",9000.0,,Ramanathapuram,Tamil Nadu
Management Trainee- Investments & Life Insurance for Australian Shift (Vadodara Only),"Vadodara, Gujarat","₹17,000 - ₹30,000 a month",23500.0,,Vadodara,Gujarat
Data entry fresher apply now,"Noida, Uttar Pradesh","₹9,121.02 - ₹36,967.77 a month",23044.394999999997,,Noida,Uttar Pradesh
Personal assistant,"Delhi, Delhi","₹30,000 - ₹35,000 a month",32500.0,,Delhi,Delhi
Greenpeace NGO - Fundraiser,"Bengaluru, Karnataka","₹27,000 - ₹30,000 a month",28500.0,,Bengaluru,Karnataka
Fresher_Mumbai_Bhartiyavidya peeth,"Mumbai, Maharashtra",Not specified,,,Mumbai,Maharashtra
Programmer,"Ashok Vihar, Delhi, Delhi","₹22,000 - ₹25,000 a month",23500.0,Ashok Vihar,Delhi,Delhi
Freshers - Content writter,"Chinna Chokkikulam, Madurai, Tamil Nadu","₹10,000 - ₹15,000 a month",12500.0,Chinna Chokkikulam,Madurai,Tamil Nadu
Receptionist,"Thrissur, Kerala",Not specified,,,Thrissur,Kerala
Service Engineer( Freshers can apply),"Coimbatore, Tamil Nadu","₹12,000 - ₹25,000 a month",18500.0,,Coimbatore,Tamil Nadu
Business Development Associate,"Bengaluru, Karnataka","₹18,000 - ₹28,000 a month",23000.0,,Bengaluru,Karnataka
Junior Software Engineer,"Chennai, Tamil Nadu","From ₹2,14,538.36 a year",,,Chennai,Tamil Nadu
Wanted Freshers from Nagamalai Pudukottai and nearby areas,"Madurai, Tamil Nadu","₹8,000 - ₹10,000 a month",9000.0,,Madurai,Tamil Nadu
Duty Officer,"Kochi, Kerala","₹18,000 - ₹23,000 a month",20500.0,,Kochi,Kerala
Front Office Executive,"Sholinghur, Tamil Nadu","From ₹16,000 a month",,,Sholinghur,Tamil Nadu
Fresher Operations Analyst (Construction),"Bengaluru, Karnataka","₹5,50,000 - ₹6,00,000 a year",575000.0,,Bengaluru,Karnataka
Flutter Developer Intern,Remote,"₹13,192.39 - ₹62,082.66 a month",37637.525,Remote,Remote,Remote
Australian Accounting - Fresher,"Ahmedabad, Gujarat","₹15,000 - ₹50,000 a month",32500.0,,Ahmedabad,Gujarat
Accounts Assistant,"Kollam, Kerala","₹12,000 - ₹15,000 a month",13500.0,,Kollam,Kerala
Female Kannada Telecalling Associate,"Shimoga, Karnataka",Not specified,,,Shimoga,Karnataka
Trainee Application Support Executive (WFH),"Pune, Maharashtra","₹10,000 - ₹15,000 a month",12500.0,,Pune,Maharashtra
freshers Intern,"Amravati, Maharashtra",Not specified,,,Amravati,Maharashtra
Pay Per Click / Google Adwords Expert / Performance Marketing,"Okhla, Delhi, Delhi",Not specified,,Okhla,Delhi,Delhi
Marketing Assistant,Remote,"₹15,000 - ₹20,000 a month",17500.0,Remote,Remote,Remote
Ticketing Executive,"Kurukshetra, Haryana","₹10,000 - ₹22,000 a month",16000.0,,Kurukshetra,Haryana
Quality Analyst,"Saravanampatti, Coimbatore, Tamil Nadu",Not specified,,Saravanampatti,Coimbatore,Tamil Nadu
Software Trainee,"Chennai, Tamil Nadu","From ₹3,00,000 a year",,,Chennai,Tamil Nadu
Scientific Analyst - Trainee,Remote,Not specified,,Remote,Remote,Remote
Business Development Associate (BDA),"Peelamedu, Coimbatore, Tamil Nadu","₹12,000 - ₹25,000 a month",18500.0,Peelamedu,Coimbatore,Tamil Nadu
Trainee Software Engineer,"Bengaluru, Karnataka",Not specified,,,Bengaluru,Karnataka
Student Counsellor,"Kochi, Kerala","₹15,000 - ₹30,000 a month",22500.0,,Kochi,Kerala
Quality Control - Trainee,"Verna, Goa",Not specified,,,Verna,Goa
Cast Member,"Tenkasi, Tamil Nadu","₹1,000 - ₹5,000 a day",3000.0,,Tenkasi,Tamil Nadu
Accounts Assistant,"Borivali East, Mumbai, Maharashtra","₹10,000 - ₹20,000 a month",15000.0,Borivali East,Mumbai,Maharashtra
Front Office,"Chamba, Himachal Pradesh","₹20,000 - ₹25,000 a month",22500.0,,Chamba,Himachal Pradesh
Germany Physiotherapist,"Noida, Uttar Pradesh","₹2,00,000 a month",200000.0,,Noida,Uttar Pradesh
Vacancy for BA/BBA/BCA/BSc Fresher graduates,"Baddi, Himachal Pradesh","₹1,00,000 - ₹1,50,000 a year",125000.0,,Baddi,Himachal Pradesh
Packaging- Technical Trainee,"Jammu, Jammu and Kashmir",Not specified,,,Jammu,Jammu and Kashmir
Data Entry Operator,Delhi,Not specified,,Delhi,Delhi,Delhi
Pick Packer,"Pappanaickenpalayam, Coimbatore, Tamil Nadu","₹7,000 - ₹11,000 a month",9000.0,Pappanaickenpalayam,Coimbatore,Tamil Nadu
Office Work Experience,"Samastipur, Bihar","From ₹10,000 a month",,,Samastipur,Bihar
Graduate Trainee,"Noida, Uttar Pradesh",Not specified,,,Noida,Uttar Pradesh
Quality Control,"Borivali East, Mumbai, Maharashtra",Not specified,,Borivali East,Mumbai,Maharashtra
Front Office Executives and Interns,"Kottayam, Kerala","From ₹22,000 a month",,,Kottayam,Kerala
Cashier,"Perambalur, Tamil Nadu","From ₹15,000 a month",,,Perambalur,Tamil Nadu
Commis 3,"Vasai, Maharashtra","₹8,000 - ₹12,000 a month",10000.0,,Vasai,Maharashtra
Academic Advisor - Female,"Kochi, Kerala","₹20,000 - ₹26,000 a month",23000.0,,Kochi,Kerala
Ai developer/intern,"Belgachia, Kolkata, West Bengal","₹30,000 - ₹60,000 a month",45000.0,Belgachia,Kolkata,West Bengal
Accounts and HR Executive (Female Only),"Santacruz West, Mumbai, Maharashtra","Up to ₹12,000 a month",,Santacruz West,Mumbai,Maharashtra
Analyst - Research,"Gurugram, Haryana",Not specified,,,Gurugram,Haryana
Diploma Trainee,"Chhati, Chhattisgarh","₹13,000 - ₹15,000 a month",14000.0,,Chhati,Chhattisgarh
Vacancy For Fresher Photography - Girnar Ropeway Gujarat,"Junagadh, Gujarat","₹12,000 - ₹14,000 a month",13000.0,,Junagadh,Gujarat
"CS Management Trainee (Financial Planning & Investment) Job Location:- Vadodara, Gujarat Only","Vadodara, Gujarat","₹10,000 - ₹27,000 a month",18500.0,,Vadodara,Gujarat
Life Insurance Advisor,"Cannanore, Kerala","₹25,000 - ₹50,000 a month",37500.0,,Cannanore,Kerala
Cashier,"Kollam, Kerala","₹12,000 - ₹15,000 a month",13500.0,,Kollam,Kerala
Research Analyst-(Entry level job for freshers),"Mohali, Punjab","₹7,000 - ₹10,000 a month",8500.0,,Mohali,Punjab
BE/MCA Fresher,"Indore, Madhya Pradesh",Not specified,,,Indore,Madhya Pradesh
Fresh Graduates,"Bengaluru, Karnataka",Not specified,,,Bengaluru,Karnataka
Personal Assistant,"Jaipura, Rajasthan","₹20,000 - ₹30,000 a month",25000.0,,Jaipura,Rajasthan
Graphic Designer - Fresher,"Madurai, Tamil Nadu",Not specified,,,Madurai,Tamil Nadu
Technical Graduate Apprentice - India UHR,"Bengaluru, Karnataka",Not specified,,,Bengaluru,Karnataka
Education Consultant,"Kasaragod, Kerala","₹12,000 - ₹25,000 a month",18500.0,,Kasaragod,Kerala
Warehouse Incharge,"Payyannur, Kerala","₹20,000 - ₹28,000 a month",24000.0,,Payyannur,Kerala
Research Trainee,"Denkanikota, Tamil Nadu",Not specified,,,Denkanikota,Tamil Nadu
Accessories Incharge,"Alleppey, Kerala","₹14,000 - ₹18,000 a month",16000.0,,Alleppey,Kerala
TRAINEE,Kerala,Not specified,,Kerala,Kerala,Kerala
Brand Collaborator,"Hyderabad, Telangana","₹15,000 - ₹20,000 a month",17500.0,,Hyderabad,Telangana
Trainee Digital(Freshers - BSc/BCA/MCA),Remote,"Up to ₹15,000 a month",,Remote,Remote,Remote
General Basic Workers,"Pudukkottai, Tamil Nadu",Not specified,,,Pudukkottai,Tamil Nadu
Medical Scribe,"Tenkasi, Tamil Nadu","₹10,000 - ₹12,000 a month",11000.0,,Tenkasi,Tamil Nadu
Data Analyst Trainee,"Visakhapatnam, Andhra Pradesh",Not specified,,,Visakhapatnam,Andhra Pradesh
ATM Service Engineer,"Salem, Tamil Nadu","₹18,000 - ₹24,000 a month",21000.0,,Salem,Tamil Nadu
Organic Chemist - Trainee - 2024,"Ahmedabad, Gujarat",Not specified,,,Ahmedabad,Gujarat
Organic Chemist - Trainee - 2024,"Ahmedabad, Gujarat",Not specified,,,Ahmedabad,Gujarat
Factory Incharge,"Thane, Maharashtra","₹40,000 - ₹65,000 a month",52500.0,,Thane,Maharashtra
Machine Learning,"Noida, Uttar Pradesh","₹18,000 - ₹30,000 a month",24000.0,,Noida,Uttar Pradesh
Graduate Trainee - Pickling,"Mahesana, Gujarat",Not specified,,,Mahesana,Gujarat
Off Campus Hiring for Fresher Batch 2023 - 24,"Mohali, Punjab","₹3,00,000 - ₹5,00,000 a year",400000.0,,Mohali,Punjab
Associate Trainee,"Indore, Madhya Pradesh",Not specified,,,Indore,Madhya Pradesh
Software Trainee Programmer,"Jubilee Hills, Hyderabad, Telangana",Not specified,,Jubilee Hills,Hyderabad,Telangana
Helper - Male Only,"Coimbatore, Tamil Nadu","₹8,000 - ₹12,000 a month",10000.0,,Coimbatore,Tamil Nadu
Graphic Designer,"Palghat, Kerala","From ₹9,598.81 a month",,,Palghat,Kerala
Technical Executive,"Bengaluru, Karnataka","₹30,000 - ₹40,000 a month",35000.0,,Bengaluru,Karnataka
Teaching & non Teaching,"Bikaner, Rajasthan","From ₹20,000 a month",,,Bikaner,Rajasthan
Data Entry Operator,"Bengaluru, Karnataka",Not specified,,,Bengaluru,Karnataka
Database Administrators,"Chennai, Tamil Nadu",Not specified,,,Chennai,Tamil Nadu
Trainee Associate,"Hyderabad, Telangana",Not specified,,,Hyderabad,Telangana
DMO,"Nizamabad, Telangana","₹40,000 - ₹50,000 a month",45000.0,,Nizamabad,Telangana
Web Designers,"Kochi, Kerala",Not specified,,,Kochi,Kerala
CA Fresher / Final Group (Pursuing),"Gwalior, Madhya Pradesh",Not specified,,,Gwalior,Madhya Pradesh
Personal Secretary,"Noida, Uttar Pradesh","₹75,000 - ₹80,000 a month",77500.0,,Noida,Uttar Pradesh
Anchor,"Kochi, Kerala","₹15,000 - ₹25,000 a month",20000.0,,Kochi,Kerala
Human Resource Intern,"Purasawalkam, Chennai, Tamil Nadu",Not specified,,Purasawalkam,Chennai,Tamil Nadu
Software Trainer,"Todupulai, Kerala","From ₹12,000 a month",,,Todupulai,Kerala
Modelling,"Delhi, Delhi","From ₹10,000 a day",,,Delhi,Delhi
Block Coordinator,"Kidwaipuri, Patna, Bihar","₹12,000 - ₹25,000 a month",18500.0,Kidwaipuri,Patna,Bihar
Assistant Professor / Associate Professor / Professor,Chandigarh,Not specified,,Chandigarh,Chandigarh,Chandigarh
Data Entry Operator/Computer Operator,"Raigarh, Chhattisgarh","₹10,000 - ₹20,000 a month",15000.0,,Raigarh,Chhattisgarh
Graduate Trainee,"Bengaluru, Karnataka","₹9,000 a month",9000.0,,Bengaluru,Karnataka
Computer staff - (Female) for kollam,"Kollam, Kerala","₹8,000 - ₹10,000 a month",9000.0,,Kollam,Kerala
HR Trainee,"Coimbatore, Tamil Nadu",Not specified,,,Coimbatore,Tamil Nadu
Assistant Professor,"Champa, Chhattisgarh","₹25,000 - ₹35,000 a month",30000.0,,Champa,Chhattisgarh
Hubli - Fresh Graduates for English Ad Design,"Hubli, Karnataka","₹11,150 - ₹25,000 a month",18075.0,,Hubli,Karnataka
Sales Associate,"Dehradun, Uttarakhand","₹18,000 - ₹21,000 a month",19500.0,,Dehradun,Uttarakhand
Media Intern (Admin & Teaching),"Nashik, Maharashtra","₹5,000 - ₹6,000 a month",5500.0,,Nashik,Maharashtra
Sound Engineer,"Navi Mumbai, Maharashtra",Not specified,,,Navi Mumbai,Maharashtra
Associate Trainee- Fresher,"Indore, Madhya Pradesh",Not specified,,,Indore,Madhya Pradesh
Computer Operator,"Mandvi, Gujarat","₹12,000 - ₹15,000 a month",13500.0,,Mandvi,Gujarat
Quality Assurance,"Borivali East, Mumbai, Maharashtra",Not specified,,Borivali East,Mumbai,Maharashtra
Data entry operater,"Vadapalani, Chennai, Tamil Nadu","₹15,000 - ₹25,000 a month",20000.0,Vadapalani,Chennai,Tamil Nadu
Brand Collaborator,"Bengaluru, Karnataka","₹15,000 - ₹20,000 a month",17500.0,,Bengaluru,Karnataka
Fresher Opportunity for the post of Mechanical Trainee Engineer,"Bengaluru, Karnataka",Not specified,,,Bengaluru,Karnataka
Admin,"Mysuru, Karnataka","Up to ₹20,000 a month",,,Mysuru,Karnataka
Fresher Full stack developer,"Kottayam, Kerala","₹9,000 - ₹13,000 a month",11000.0,,Kottayam,Kerala
TRAINEE,"Tanuku, Andhra Pradesh",Not specified,,,Tanuku,Andhra Pradesh
fresher electronics engineer,"Kochi, Kerala",Not specified,,,Kochi,Kerala
Assistant Supervisor,"Rajender Nagar, Delhi, Delhi","₹16,000 - ₹21,000 a month",18500.0,Rajender Nagar,Delhi,Delhi
Assistant Store Keeper,"Aluva, Kerala","₹12,000 - ₹17,500 a month",14750.0,,Aluva,Kerala
Field Information Officer,"Bhubaneswar, Orissa","₹20,000 - ₹25,000 a month",22500.0,,Bhubaneswar,Orissa
FEMALE OFFICE STAFF,"Kollam, Kerala",Not specified,,,Kollam,Kerala
Trainee,"Ahmedabad, Gujarat",Not specified,,,Ahmedabad,Gujarat
Intern / Trainee,"Pune, Maharashtra",Not specified,,,Pune,Maharashtra
IPQA Officer,"Kala Amb, Himachal Pradesh","From ₹20,000 a month",,,Kala Amb,Himachal Pradesh
Business Analyst (Fresher),"Chennai, Tamil Nadu",Not specified,,,Chennai,Tamil Nadu
Trainee Admission Officer,"Mysuru, Karnataka","₹3,00,000 - ₹6,00,000 a year",450000.0,,Mysuru,Karnataka
GET (Graduate Engineer Trainee),"Erode, Tamil Nadu","₹15,000 - ₹20,000 a month",17500.0,,Erode,Tamil Nadu
Trainee programmers,"Chennai, Tamil Nadu",Not specified,,,Chennai,Tamil Nadu
Trainee Environmental Specialist,"Hyderabad, Telangana",Not specified,,,Hyderabad,Telangana
Receptionist (Urgent),"Darjiling, West Bengal",Not specified,,,Darjiling,West Bengal
QA Game Tester,"Pune District, Maharashtra","₹18,000 a month",18000.0,,Pune District,Maharashtra
For fresher(IT Sales),"Madurai, Tamil Nadu","Up to ₹1,20,000.53 a year",,,Madurai,Tamil Nadu
Junior Associate,"Mysuru, Karnataka","₹17,000 - ₹19,000 a month",18000.0,,Mysuru,Karnataka
CAD Designer,"Ambattur, Chennai, Tamil Nadu","From ₹16,500 a month",,Ambattur,Chennai,Tamil Nadu
Behavioural Trainer- Fresher,"Bengaluru, Karnataka","₹18,000 - ₹20,000 a month",19000.0,,Bengaluru,Karnataka
Quality Analyst Intern,"Satellite, Ahmedabad, Gujarat","₹5,000 - ₹7,000 a month",6000.0,Satellite,Ahmedabad,Gujarat
Jr. Accounts Executive,"Kochi, Kerala",Not specified,,,Kochi,Kerala
AR Caller Trainee,"Coimbatore, Tamil Nadu","Up to ₹50,000 a month",,,Coimbatore,Tamil Nadu
Pizzahut Team member,"Devanhalli, Karnataka","₹15,500 - ₹20,800 a month",18150.0,,Devanhalli,Karnataka
Document Scanning,"Moshi, Pune, Maharashtra","From ₹12,000 a month",,Moshi,Pune,Maharashtra
"Proofreading, Quality Control & Copy Editing - Freshers Also Welcome","Coimbatore, Tamil Nadu","₹1,05,842.90 - ₹3,63,348.95 a year",234595.925,,Coimbatore,Tamil Nadu
QA Trainee,"Noida, Uttar Pradesh",Not specified,,,Noida,Uttar Pradesh
Pharma Freshers,"Mumbai Central, Mumbai, Maharashtra","₹2,50,000 - ₹3,50,000 a month",300000.0,Mumbai Central,Mumbai,Maharashtra
Human Resource,"Lucknow, Uttar Pradesh","₹3,00,000 - ₹8,00,000 a year",550000.0,,Lucknow,Uttar Pradesh
Project Billing Specialist,"Shivaji Nagar, Pune, Maharashtra","₹18,000 - ₹25,000 a month",21500.0,Shivaji Nagar,Pune,Maharashtra
Data Entry Intern,Remote,"₹2,000 - ₹4,000 a month",3000.0,Remote,Remote,Remote
Management Trainee(Financial Planning & Investments) (Job location:- Vadodara Only),"Vadodara, Gujarat","₹18,000 - ₹45,000 a month",31500.0,,Vadodara,Gujarat
Accounting Trainee,India,Not specified,,India,India,India
Programmer,"Kochi, Kerala",Not specified,,,Kochi,Kerala
Python Developer,Remote,Not specified,,Remote,Remote,Remote
Documentation(Freshers),"Kottayam, Kerala","Up to ₹18,000 a month",,,Kottayam,Kerala
Bouncer,"Mumbai, Maharashtra","₹25,000 - ₹35,000 a month",30000.0,,Mumbai,Maharashtra
International Business Development Executive,"Salem, Tamil Nadu",Not specified,,,Salem,Tamil Nadu
MEDICAL REPRESENTATIVE VACANCY,"Bolpur, West Bengal","₹15,000 - ₹20,000 a month",17500.0,,Bolpur,West Bengal
Programme Coordinator,"Kodungallur, Kerala","From ₹3,00,000 a year",,,Kodungallur,Kerala
Delivery Boy,"Kottayam, Kerala","₹15,000 - ₹25,000 a month",20000.0,,Kottayam,Kerala
Graduate Engineer Trainee (GET),"Tiruchchirappalli, Tamil Nadu",Not specified,,,Tiruchchirappalli,Tamil Nadu
3D Modeling Artist,"Kazhakoottam, Thiruvananthapuram, Kerala","₹20,000 a month",20000.0,Kazhakoottam,Thiruvananthapuram,Kerala
Virtual Scribe Trainee,"Hubli, Karnataka","₹30,000 - ₹35,000 a month",32500.0,,Hubli,Karnataka
INTERNSHIP -HR (NON-PAID),"Kochi, Kerala",Not specified,,,Kochi,Kerala
Executive - AO&CS,"Kochi, Kerala",Not specified,,,Kochi,Kerala
Delivery Partner/Delivery Executive,"Bengaluru, Karnataka","₹20,000 - ₹60,000 a month",40000.0,,Bengaluru,Karnataka
Data Analyst,"Chennai, Tamil Nadu","From ₹4,00,000 a year",,,Chennai,Tamil Nadu
Graduate Trainee,"Kochi, Kerala","₹15,000 - ₹20,000 a month",17500.0,,Kochi,Kerala
Business Analyst,"Saravanampatti, Coimbatore, Tamil Nadu",Not specified,,Saravanampatti,Coimbatore,Tamil Nadu
Data Entry Operator,"Nagercoil, Tamil Nadu","From ₹2,00,000 a year",,,Nagercoil,Tamil Nadu
Client Care Trainee,"Bengaluru, Karnataka",Not specified,,,Bengaluru,Karnataka
Database Administrator,"Chennai, Tamil Nadu","₹19,457.51 - ₹71,405.55 a month",45431.53,,Chennai,Tamil Nadu
Roto Artist,"Pune, Maharashtra",Not specified,,,Pune,Maharashtra
Trainee / Executive Medical Coding,"Salem, Tamil Nadu",Not specified,,,Salem,Tamil Nadu
HR recruitment officer,"Tiruppur, Tamil Nadu","₹20,000 - ₹25,000 a month",22500.0,,Tiruppur,Tamil Nadu
Assisstant Resource Manager_Construction Projects,"Bengaluru, Karnataka","Up to ₹18,000 a month",,,Bengaluru,Karnataka
Data Entry Operator (DEO),"INDERLOK, Delhi, Delhi","₹10,720.27 - ₹21,705.17 a month",16212.72,INDERLOK,Delhi,Delhi
Software Engineer Trainee,"Chennai, Tamil Nadu","₹3,60,000 - ₹4,00,000 a year",380000.0,,Chennai,Tamil Nadu
Hiring Graduates,"Tiruchchirappalli, Tamil Nadu","₹11,000 - ₹11,200 a month",11100.0,,Tiruchchirappalli,Tamil Nadu
HR Trainee,"Pune, Maharashtra","₹2,00,000 - ₹3,50,000 a month",275000.0,,Pune,Maharashtra
Social Media Influencer,Remote,"₹9,334.49 - ₹14,000.00 a month",11667.244999999999,Remote,Remote,Remote
Social media intern,Remote,Not specified,,Remote,Remote,Remote
Counsellor,Remote,Not specified,,Remote,Remote,Remote
HR TRAINEE,"Calicut, Kerala","₹15,000 - ₹18,000 a month",16500.0,,Calicut,Kerala
JOB DRIVE @ Trivandrum,"Thiruvananthapuram, Kerala","₹15,000 - ₹35,000 a month",25000.0,,Thiruvananthapuram,Kerala
Store Officer,"Todupulai, Kerala","₹10,000 - ₹20,000 a month",15000.0,,Todupulai,Kerala
Trainee Engineer Civil,"Thiruvananthapuram, Kerala",Not specified,,,Thiruvananthapuram,Kerala
Regulatory,"Borivali East, Mumbai, Maharashtra",Not specified,,Borivali East,Mumbai,Maharashtra
Trainee Research Assistant,India,Not specified,,India,India,India
Software Trainee,"Valasaravakkam, Chennai, Tamil Nadu",Not specified,,Valasaravakkam,Chennai,Tamil Nadu
General Manager,"Erode, Tamil Nadu","₹15,000 - ₹25,000 a month",20000.0,,Erode,Tamil Nadu
Billing Clerk,"Ganapathi, Coimbatore, Tamil Nadu","₹8,000 - ₹12,000 a month",10000.0,Ganapathi,Coimbatore,Tamil Nadu
Brand Promoter,"Edapalli, Kerala","₹5,000 - ₹20,000 a month",12500.0,,Edapalli,Kerala
Vacancy for Fresher Graduate 8O13927285,"Maldah, West Bengal","₹15,000 - ₹20,000 a month",17500.0,,Maldah,West Bengal
Diploma Trainee,"Hubli, Karnataka","₹16,000 - ₹20,000 a month",18000.0,,Hubli,Karnataka
Data Entry (Work From Office - Female- Fresher),"Chennai, Tamil Nadu","₹10,000 - ₹15,000 a month",12500.0,,Chennai,Tamil Nadu
Customer Success Associate,Remote,"₹15,000 a month",15000.0,Remote,Remote,Remote
Video Analyst Trainee - Fresher,"Bengaluru, Karnataka",Not specified,,,Bengaluru,Karnataka
Officer - AO&CS,"Kochi, Kerala",Not specified,,,Kochi,Kerala
HR Team,"Saravanampatti, Coimbatore, Tamil Nadu",Not specified,,Saravanampatti,Coimbatore,Tamil Nadu
Quality Analyst Fresher,"Sanjeeva Reddy Nagar, Hyderabad, Telangana","₹18,000 - ₹25,000 a month",21500.0,Sanjeeva Reddy Nagar,Hyderabad,Telangana
Facilitator,"Jaipur, Rajasthan",Not specified,,,Jaipur,Rajasthan
Analyst – Healthcare,"Bengaluru, Karnataka",Not specified,,,Bengaluru,Karnataka
Application Developer,"Perungudi, Chennai, Tamil Nadu","From ₹18,870 a month",,Perungudi,Chennai,Tamil Nadu
Ticketing Executive,"Nagpur, Maharashtra","₹8,000 - ₹20,000 a month",14000.0,,Nagpur,Maharashtra
Technical Analysts - Trainee,"Bandra, Mumbai, Maharashtra",Not specified,,Bandra,Mumbai,Maharashtra
Delivery Executive/Delivery Partner,Delhi,"₹18,000 - ₹35,000 a month",26500.0,Delhi,Delhi,Delhi
Freshers/TraineesRegister,"Noida, Uttar Pradesh",Not specified,,,Noida,Uttar Pradesh
Video Editor,Remote,Not specified,,Remote,Remote,Remote
Fresher Data Entry Operator (DEO),"JNU New Campus, Delhi, Delhi","₹13,200 - ₹19,000 a month",16100.0,JNU New Campus,Delhi,Delhi
Adonis Manufacturing Pvt Ltd ( Freshers Hiring Permanent ),"Sriperumpudur, Chennai, Tamil Nadu","₹15,000 - ₹20,000 a month",17500.0,Sriperumpudur,Chennai,Tamil Nadu
Sales Executive,"Dehradun, Uttarakhand","From ₹8,086 a month",,,Dehradun,Uttarakhand
Billing Executive,"Gopichettipalaiyam, Tamil Nadu","₹12,000 - ₹15,000 a month",13500.0,,Gopichettipalaiyam,Tamil Nadu
Internal Stock Audit,"Vellore, Tamil Nadu",Not specified,,,Vellore,Tamil Nadu
Trainee Mechanical,"Kochi, Kerala",Not specified,,,Kochi,Kerala
Research Assistant,"Nagercoil, Tamil Nadu","₹1,44,000 - ₹1,80,000 a year",162000.0,,Nagercoil,Tamil Nadu
Regional Language Content Writer (On-site Job),"Noida, Uttar Pradesh","₹18,000 - ₹25,000 a month",21500.0,,Noida,Uttar Pradesh
Hiring MBA Freshers,"Kochi, Kerala","₹5,000 - ₹18,000 a month",11500.0,,Kochi,Kerala
Management Trainee,"Mumbai, Maharashtra","₹5,00,000 - ₹7,00,000 a year",600000.0,,Mumbai,Maharashtra
Manager Tumble Dry,"Ambattur, Chennai, Tamil Nadu","₹13,000 - ₹20,000 a month",16500.0,Ambattur,Chennai,Tamil Nadu
Cloud Support Trainee,"Calicut, Kerala",Not specified,,,Calicut,Kerala
Public Relations Coordinator,"Kochi, Kerala","₹20,000 - ₹50,000 a month",35000.0,,Kochi,Kerala
Trainee - Digital,Remote,"Up to ₹15,000 a month",,Remote,Remote,Remote
Hindi Tele sale Voice Process. Jayanagar Bangalore- Only Fresher,"Jayanagar, Bengaluru, Karnataka","₹18,000 - ₹25,000 a month",21500.0,Jayanagar,Bengaluru,Karnataka
Course Councillor fresher,"Kochi, Kerala",Not specified,,,Kochi,Kerala
Data Entry Executive,Remote,"₹10,203.72 - ₹35,311.73 a month",22757.725000000002,Remote,Remote,Remote
Fire Engineer (Fresher),"Kochi, Kerala","₹40,000 - ₹60,000 a month",50000.0,,Kochi,Kerala
Management Trainee - Talent Acquisition,"Mumbai, Maharashtra",Not specified,,,Mumbai,Maharashtra
Hiring Freshers ! AR Trainee -RCM,"Kochi, Kerala","₹9,831.16 - ₹20,000.00 a month",14915.58,,Kochi,Kerala
Data Research Trainee,"Pune, Maharashtra",Not specified,,,Pune,Maharashtra
Multimedia Educator fresher,Delhi,"₹2,00,000 - ₹3,00,000 a year",250000.0,Delhi,Delhi,Delhi
RO/SRO/ABM – Business Operations,India,Not specified,,India,India,India
STATE BANK OF INDIA,"Puducherry, Puducherry","₹13,000 - ₹18,000 a month",15500.0,,Puducherry,Puducherry
Managers,"Kochi, Kerala","₹25,000 - ₹60,000 a month",42500.0,,Kochi,Kerala
Fresher BE Graduates,"Vasco Da Gama, Goa",Not specified,,,Vasco Da Gama,Goa
Store Keeper,"Kochi, Kerala","₹15,000 - ₹17,000 a month",16000.0,,Kochi,Kerala
Contract Data Analyst,"Navi Mumbai, Maharashtra",Not specified,,,Navi Mumbai,Maharashtra
Trainee Engineers,"Bengaluru, Karnataka",Not specified,,,Bengaluru,Karnataka
Research Associate - Freshers,"Banaswadi, Bengaluru, Karnataka",Not specified,,Banaswadi,Bengaluru,Karnataka
Early Career Trainee,"Kochi, Kerala",Not specified,,,Kochi,Kerala
Data Processor - Business Analytics,"Technopark, Thiruvananthapuram, Kerala","₹20,000 - ₹40,000 a month",30000.0,Technopark,Thiruvananthapuram,Kerala
Territory Sales Officer (Pathanamthitta),"Pathanamthitta, Kerala","₹3,00,000 - ₹4,00,000 a year",350000.0,,Pathanamthitta,Kerala
Cashiers,"Bengaluru, Karnataka",Not specified,,,Bengaluru,Karnataka
voice process,Remote,Not specified,,Remote,Remote,Remote
Research Analyst,"Pune, Maharashtra",Not specified,,,Pune,Maharashtra
Content Trainee,Remote,Not specified,,Remote,Remote,Remote
Fresher-BCOM,"Delhi, Delhi","₹15,000 - ₹20,000 a month",17500.0,,Delhi,Delhi
Trainee,"Jeedimetla, Hyderabad, Telangana",Not specified,,Jeedimetla,Hyderabad,Telangana
Management Trainee (Marketing)- Only Male Candidates,"Pathanamthitta, Kerala","₹10,000 - ₹15,000 a month",12500.0,,Pathanamthitta,Kerala
Fresher hiring for BDE role,"Chennai, Tamil Nadu","₹3,00,000 - ₹4,50,000 a year",375000.0,,Chennai,Tamil Nadu
HR Trainee,"Edappal, Kerala","₹8,000 - ₹10,000 a month",9000.0,,Edappal,Kerala
Student Counsellor,"Bengaluru, Karnataka","₹30,000 - ₹45,000 a month",37500.0,,Bengaluru,Karnataka
Consultant -Campus Fresher 2023,"Hyderabad, Telangana",Not specified,,,Hyderabad,Telangana
OFFICE EXECUTIVE,"Barddhaman, West Bengal","₹10,000 - ₹15,000 a month",12500.0,,Barddhaman,West Bengal
Trainee Management Associate-Packing,"Mohali, Punjab",Not specified,,,Mohali,Punjab
Trainee - Analyst,"Bengaluru, Karnataka",Not specified,,,Bengaluru,Karnataka
Delivery Executive,"Nemmara, Kerala","₹12,500 - ₹25,000 a month",18750.0,,Nemmara,Kerala
HR Executive (Trainee),"Bengaluru, Karnataka",Not specified,,,Bengaluru,Karnataka
Graduate Engineer Trainee (GET) Aeronautical / Aerospace,"Navi Mumbai, Maharashtra",Not specified,,,Navi Mumbai,Maharashtra
State Bank Of India ( BRE Cards },"Partibanur, Tamil Nadu","₹15,000 - ₹19,000 a month",17000.0,,Partibanur,Tamil Nadu
Community Manager,"Noida, Uttar Pradesh","₹20,000 - ₹25,000 a month",22500.0,,Noida,Uttar Pradesh
Data Entry Officer,"Pimpri-Chinchwad, Maharashtra","₹10,162.39 - ₹35,027.08 a month",22594.735,,Pimpri-Chinchwad,Maharashtra
Cyber Security Engineer,"Thiruvananthapuram, Kerala",Not specified,,,Thiruvananthapuram,Kerala
Production Trainee,"Vadodara, Gujarat",Not specified,,,Vadodara,Gujarat
Production Coordinator,"Mundakayam, Kerala","Up to ₹15,000 a month",,,Mundakayam,Kerala
System Engineer - Trainee,"Kizhake Chalakudi, Kerala",Not specified,,,Kizhake Chalakudi,Kerala
Trainee - Operations (IP Services),"Calicut, Kerala","₹1,80,000 - ₹2,50,000 a year",215000.0,,Calicut,Kerala
Trainee Research Associate,"Noida, Uttar Pradesh",Not specified,,,Noida,Uttar Pradesh
Trainee Test Engineer,"Navi Mumbai, Maharashtra",Not specified,,,Navi Mumbai,Maharashtra
Software Developers Trainee (.Net),Kerala,Not specified,,Kerala,Kerala,Kerala
Business Development Executive (BDE),"Dwarka, Delhi, Delhi","From ₹30,000 a month",,Dwarka,Delhi,Delhi
Medical Representatve for OPD Camps (Bengaluru),"Bengaluru, Karnataka","₹20,000 - ₹22,000 a month",21000.0,,Bengaluru,Karnataka
Assistant Supervisor,"Kolkata, West Bengal","₹15,000 - ₹25,000 a month",20000.0,,Kolkata,West Bengal
PACKING STAFF,"Calicut, Kerala",From ₹35 an hour,,,Calicut,Kerala
Accountant Trainee,"Thrissur, Kerala","₹14,000 - ₹16,000 a month",15000.0,,Thrissur,Kerala
Delivery executive,"Venjaramudu, Kerala","₹15,000 - ₹30,000 a month",22500.0,,Venjaramudu,Kerala
Category Head - Mobile,"Chinnamanur, Tamil Nadu","₹20,000 - ₹25,000 a month",22500.0,,Chinnamanur,Tamil Nadu
Hindi speaking Receptionist,"Anna Nagar Western Extn, Chennai, Tamil Nadu","₹10,000 - ₹20,000 a month",15000.0,Anna Nagar Western Extn,Chennai,Tamil Nadu
Testing & Calibration Engg.,"Jaipur, Rajasthan",Not specified,,,Jaipur,Rajasthan
Game Tester,"Mira Road, Mumbai, Maharashtra","₹9,000 - ₹10,000 a month",9500.0,Mira Road,Mumbai,Maharashtra
Content Creator,Remote,"Up to ₹5,000 a month",,Remote,Remote,Remote
Technical Trainer,"Mohali, Punjab","₹40,000 - ₹1,20,000 a month",80000.0,,Mohali,Punjab
Execuitve Assistant,"Bengaluru, Karnataka",Not specified,,,Bengaluru,Karnataka
Bank Follow Up Officer (sme),"Kochi, Kerala","From ₹15,000 a month",,,Kochi,Kerala
Computer Operator,"Morbi, Gujarat","₹10,000 - ₹30,000 a month",20000.0,,Morbi,Gujarat
Management Trainee,"Mayur Vihar, Delhi, Delhi","₹2,50,000 a year",250000.0,Mayur Vihar,Delhi,Delhi
Trainee Medical Writer,"Delhi, Delhi",Not specified,,,Delhi,Delhi
Production Executive,"Palghat, Kerala",Not specified,,,Palghat,Kerala
Graduate Engineer Trainee,"Bharuch, Gujarat",Not specified,,,Bharuch,Gujarat
HR Assistant,"Thrissur, Kerala","₹11,000 - ₹13,000 a month",12000.0,,Thrissur,Kerala
Fresher Engineer,"Jaipur, Rajasthan",Not specified,,,Jaipur,Rajasthan
Accountant (Tally),"Mysuru, Karnataka","₹15,000 - ₹30,000 a month",22500.0,,Mysuru,Karnataka
Answerclub Knowledge contributor,Remote,"₹1,200 - ₹5,000 a month",3100.0,Remote,Remote,Remote
Field Collection Executive,"Haripad, Kerala","₹12,000 - ₹30,000 a month",21000.0,,Haripad,Kerala
Operational Specialist,"Calicut, Kerala",Not specified,,,Calicut,Kerala
Graphic Designer & Video Editor,Remote,"₹5,000 - ₹10,000 a month",7500.0,Remote,Remote,Remote
Calibration Engineer(fresher),"Ambli, Ahmedabad, Gujarat","Up to ₹35,000 a month",,Ambli,Ahmedabad,Gujarat
Technical Support,"Kochi, Kerala",Not specified,,,Kochi,Kerala
GRAPHIC DESIGNER,"Kollam, Kerala",Not specified,,,Kollam,Kerala
Office Asistant,"Pollachi, Tamil Nadu","From ₹10,000 a month",,,Pollachi,Tamil Nadu
Officer - Security,"Kochi, Kerala",Not specified,,,Kochi,Kerala
Collection Executive,"Muvattupuzha, Kerala","₹19,500 - ₹24,000 a month",21750.0,,Muvattupuzha,Kerala
Trainee Engineer,"Rudarpur, Uttarakhand","₹20,000 - ₹30,000 a month",25000.0,,Rudarpur,Uttarakhand
Development Organiser (Forestry),"Pimpalner, Maharashtra",Not specified,,,Pimpalner,Maharashtra
Front Office Manager,"Pathanamthitta, Kerala","₹10,000 - ₹20,000 a month",15000.0,,Pathanamthitta,Kerala
HR Trainee/Executive,"Calicut, Kerala",Not specified,,,Calicut,Kerala
Data Digitization Executive,"Poojappura, Thiruvananthapuram, Kerala","Up to ₹12,000 a month",,Poojappura,Thiruvananthapuram,Kerala
Trainee / Process Executive,"Salem, Tamil Nadu",Not specified,,,Salem,Tamil Nadu
Recruitment Trainee,India,Not specified,,India,India,India
Freshers Walk-In (Autocad),"Yelahanka, Bengaluru, Karnataka","₹15,000 - ₹20,000 a month",17500.0,Yelahanka,Bengaluru,Karnataka
Business Development Executive - Fresher,"Madurai, Tamil Nadu",Not specified,,,Madurai,Tamil Nadu
Business Development Associate,"Kochi, Kerala","₹20,000 - ₹45,000 a month",32500.0,,Kochi,Kerala
HUMAN RESOURCES INTERNSHIP -FRESHER,"Chennai, Tamil Nadu",Not specified,,,Chennai,Tamil Nadu
Engineer – Support/Operations (Trainee),"Bengaluru, Karnataka",Not specified,,,Bengaluru,Karnataka
System Analyst,"Coimbatore, Tamil Nadu","₹8,000 - ₹12,000 a month",10000.0,,Coimbatore,Tamil Nadu
Management Trainee - Recruitment,"Hyderabad, Telangana",Not specified,,,Hyderabad,Telangana
Project Coordinator,"Mundakayam, Kerala","Up to ₹10,000 a month",,,Mundakayam,Kerala
Trainee Intern's,"Hyderabad, Telangana",Not specified,,,Hyderabad,Telangana
Internship to Job Program - JS Developer,"Delhi, Delhi","₹5,000 - ₹25,000 a month",15000.0,,Delhi,Delhi
Cyber Security Trainer,"Laxmi Nagar, Delhi, Delhi","₹6,00,000 a year",600000.0,Laxmi Nagar,Delhi,Delhi
Site Supervisor,"Kottayam, Kerala","₹10,000 - ₹15,000 a month",12500.0,,Kottayam,Kerala
Associate: Supply Chain Team,"Bengaluru, Karnataka","₹2,40,000 - ₹2,80,000 a year",260000.0,,Bengaluru,Karnataka
Accountant,"Sangli, Maharashtra",Not specified,,,Sangli,Maharashtra
Assistant/Associate /Professors,"Pollachi, Tamil Nadu","₹30,000 - ₹1,00,000 a month",65000.0,,Pollachi,Tamil Nadu
Branch Accountant,"Kochi, Kerala","₹12,000 - ₹18,000 a month",15000.0,,Kochi,Kerala
Fresher - Business Analyst,"Hyderabad, Telangana",Not specified,,,Hyderabad,Telangana
Field Officer,Arunachal Pradesh,Not specified,,Arunachal Pradesh,Arunachal Pradesh,Arunachal Pradesh
Jewellery Sales Assistant,"Virudunagar, Tamil Nadu","From ₹15,000 a month",,,Virudunagar,Tamil Nadu
Hotel Operations Manager,"Varkkallai, Kerala","₹15,000 - ₹20,000 a month",17500.0,,Varkkallai,Kerala
Diploma Holders,"Bengaluru, Karnataka",Not specified,,,Bengaluru,Karnataka
Video Editor,Remote,"₹5,000 - ₹20,000 a month",12500.0,Remote,Remote,Remote
DEVELOPMENT QUALITY ASSURANCE,"Chennai, Tamil Nadu",Not specified,,,Chennai,Tamil Nadu
WANTED FRESHERS FOR OFFICE WORK,"Saravanampatti, Coimbatore, Tamil Nadu","₹13,500 - ₹16,500 a month",15000.0,Saravanampatti,Coimbatore,Tamil Nadu
Electrical Technician,"Sion, Mumbai, Maharashtra","₹15,000 - ₹25,000 a month",20000.0,Sion,Mumbai,Maharashtra
Asst. Purchase Manager,"Calicut, Kerala","₹15,000 - ₹25,000 a month",20000.0,,Calicut,Kerala
Administration / Office Admin,"Laxmi Nagar, Delhi, Delhi",Not specified,,Laxmi Nagar,Delhi,Delhi
Process Associate,"Coimbatore, Tamil Nadu",Not specified,,,Coimbatore,Tamil Nadu
Stevedore (24*7),"Tuticorin, Tamil Nadu","₹10,000 - ₹15,000 a month",12500.0,,Tuticorin,Tamil Nadu
Digital Marketing Intern,Remote,"₹7,000 - ₹10,000 a month",8500.0,Remote,Remote,Remote
System Officer,"Chengannur, Kerala","₹13,000 - ₹15,000 a month",14000.0,,Chengannur,Kerala
Management Trainee,"Calicut, Kerala",Not specified,,,Calicut,Kerala
LaTeX Research Documents Editor,"Cannanore, Kerala","₹15,000 - ₹20,000 a month",17500.0,,Cannanore,Kerala
Office Executive Fresher,"Mayur Vihar, Delhi, Delhi","₹16,500 - ₹22,500 a month",19500.0,Mayur Vihar,Delhi,Delhi
Knitting Specialist,"Palsana, Surat, Gujarat","₹30,000 - ₹40,000 a month",35000.0,Palsana,Surat,Gujarat
Tele Caller (English - WFH),Remote,"₹8,086.00 - ₹29,639.40 a month",18862.7,Remote,Remote,Remote
Junior Process Associate (Voice Process),"Coimbatore, Tamil Nadu","Up to ₹18,000 a month",,,Coimbatore,Tamil Nadu
Accountant,"Devanhalli, Karnataka","₹12,000 - ₹15,000 a month",13500.0,,Devanhalli,Karnataka
fb poster designer,Remote,₹180 a day,180.0,Remote,Remote,Remote
Manual Tester,"Pallavaram, Chennai, Tamil Nadu","₹16,000 - ₹34,000 a month",25000.0,Pallavaram,Chennai,Tamil Nadu
Video Editor,Remote,"₹20,000 - ₹30,000 a month",25000.0,Remote,Remote,Remote
Operator Trainee(Fresher),"Kangayam, Tamil Nadu","₹10,000 - ₹12,000 a month",11000.0,,Kangayam,Tamil Nadu
Supervisor,Remote,"From ₹15,000 a month",,Remote,Remote,Remote
Dog Walker,"Saket, Delhi, Delhi","₹11,000 - ₹18,000 a month",14500.0,Saket,Delhi,Delhi
Wedding Album Designers in Trivandrum,"Kariavattom, Thiruvananthapuram, Kerala","₹5,000 - ₹25,000 a month",15000.0,Kariavattom,Thiruvananthapuram,Kerala
BE/ ME Freshers,"Nagercoil, Tamil Nadu","₹10,000 - ₹16,000 a month",13000.0,,Nagercoil,Tamil Nadu
Research Analyst,Delhi,Not specified,,Delhi,Delhi,Delhi
"Jio point manager in uluthurpet,madapattu, Kandachipuram, Vikravandi, Valavanur, Villupuram","Villupuram, Tamil Nadu","₹22,000 a month",22000.0,,Villupuram,Tamil Nadu
Academic Consultant,"Kochi, Kerala","₹12,000 - ₹20,000 a month",16000.0,,Kochi,Kerala
Front Office Staff,"Bhopal, Madhya Pradesh",Not specified,,,Bhopal,Madhya Pradesh
Programming Assistants,"Cannanore, Kerala",Not specified,,,Cannanore,Kerala
Delivery Executive/Delivery Partner,"Dehradun, Uttarakhand","₹18,000 - ₹35,000 a month",26500.0,,Dehradun,Uttarakhand
Video Editor,Remote,"₹3,000 - ₹4,000 a month",3500.0,Remote,Remote,Remote
Delivery Assistant,"Gulbarga, Karnataka","₹12,847 a month",12847.0,,Gulbarga,Karnataka
HR Intern,Remote,"₹10,000 - ₹15,000 a month",12500.0,Remote,Remote,Remote
Trainee - Analyst Investigation,"Bengaluru, Karnataka",Not specified,,,Bengaluru,Karnataka
Document Verification Executive Fresher,"Ghitorni, Delhi, Delhi","₹14,500 a month",14500.0,Ghitorni,Delhi,Delhi
Back Office Executive,"Pimpri-Chinchwad, Maharashtra","₹25,000 - ₹28,000 a month",26500.0,,Pimpri-Chinchwad,Maharashtra
Fresh Graduate,"Noida, Uttar Pradesh","₹15,000 - ₹25,000 a month",20000.0,,Noida,Uttar Pradesh
OT Assistant,"Tiruppur, Tamil Nadu","₹15,000 - ₹20,000 a month",17500.0,,Tiruppur,Tamil Nadu
Pizza hut- Team Member,"Pattom, Thiruvananthapuram, Kerala","Up to ₹10,500 a month",,Pattom,Thiruvananthapuram,Kerala
Graphic Designer - Amazon Products Lifestyle & Infographics,"Thiruvananthapuram, Kerala","₹15,000 - ₹20,000 a month",17500.0,,Thiruvananthapuram,Kerala
Dues Coordinator intern,"Chennai, Tamil Nadu","₹10,000 - ₹15,000 a month",12500.0,,Chennai,Tamil Nadu
Google Ads Executive(fresher/experience),"Ambli, Ahmedabad, Gujarat","Up to ₹55,000 a month",,Ambli,Ahmedabad,Gujarat
Medical Scribe Trainee,Remote,"₹35,000 a month",35000.0,Remote,Remote,Remote
Hardware trainee - Female Candidates only,"Erode, Tamil Nadu","From ₹8,000 a month",,,Erode,Tamil Nadu
Trainee - Human Resource,"Rajarajeshwari Nagar, Bengaluru, Karnataka","From ₹25,000 a month",,Rajarajeshwari Nagar,Bengaluru,Karnataka
Checker and surveyor,"Mundra Bandar, Gujarat",Not specified,,,Mundra Bandar,Gujarat
Cinematography,"Koramangala VI Bk, Bengaluru, Karnataka","₹3,19,486.86 - ₹15,60,207.49 a year",939847.175,Koramangala VI Bk,Bengaluru,Karnataka
Programmers,"Bengaluru, Karnataka","₹15,000 - ₹25,000 a month",20000.0,,Bengaluru,Karnataka
Digital Marketing Fresher,"Kochi, Kerala","₹3,000 - ₹6,000 a month",4500.0,,Kochi,Kerala
Financial Analyst,Delhi,Not specified,,Delhi,Delhi,Delhi
Sales Supervisor,"Thrissur, Kerala","₹18,000 - ₹21,000 a month",19500.0,,Thrissur,Kerala
QC Officer,"Kala Amb, Himachal Pradesh","Up to ₹30,000 a month",,,Kala Amb,Himachal Pradesh
Trainee Administrator,"Jaisalmer, Rajasthan",Not specified,,,Jaisalmer,Rajasthan
Soil and Rock testing assistant,"Ghaziabad, Uttar Pradesh","From ₹15,000 a month",,,Ghaziabad,Uttar Pradesh
Office Associate,"Amravati, Maharashtra","₹11,000 - ₹18,000 a month",14500.0,,Amravati,Maharashtra
Customer Care Executive (Preferred Hindi Speaking),Telangana,Not specified,,Telangana,Telangana,Telangana
Chartered Accountant/Semi Qualified / ICWA(CMA)/CS,"Ram Nagar, Nagpur, Maharashtra","₹4,00,000 - ₹8,00,000 a year",600000.0,Ram Nagar,Nagpur,Maharashtra
Network and hardware trainee,"Bommasandra Industrial Estate, Bengaluru, Karnataka","₹3,50,000 a year",350000.0,Bommasandra Industrial Estate,Bengaluru,Karnataka
CS Trainee,"Pune, Maharashtra",Not specified,,,Pune,Maharashtra
Call Coordinator,"Bengaluru, Karnataka","₹3,00,000 a year",300000.0,,Bengaluru,Karnataka
Worked as teacher,"Pratap Nagar, Jaipur, Rajasthan","₹15,000 - ₹30,000 a month",22500.0,Pratap Nagar,Jaipur,Rajasthan
Wanted Delivery Executive Boys / Girls,"Mavelikara, Kerala","₹15,000 - ₹35,000 a month",25000.0,,Mavelikara,Kerala
Software Trainee / Intern,"Bhilwara, Rajasthan",Not specified,,,Bhilwara,Rajasthan
Team Member (QSR),"Bengaluru, Karnataka","₹14,000 - ₹15,000 a month",14500.0,,Bengaluru,Karnataka
Receptionist & telecaller,"Pattom, Thiruvananthapuram, Kerala","₹12,000 - ₹15,000 a month",13500.0,Pattom,Thiruvananthapuram,Kerala
Content Creator,"Andheri West, Mumbai, Maharashtra","₹50,000 - ₹75,000 a month",62500.0,Andheri West,Mumbai,Maharashtra
Department Supervisor,"Salem, Tamil Nadu","₹18,000 - ₹25,000 a month",21500.0,,Salem,Tamil Nadu
Team Leader - Operations,"Pimpri-Chinchwad, Maharashtra","₹2,51,888.70 - ₹10,98,536.95 a year",675212.825,,Pimpri-Chinchwad,Maharashtra
TRAINEE MUD LOGGER,"Mumbai, Maharashtra",Not specified,,,Mumbai,Maharashtra
Corporate Relationship Manager,"Delhi, Delhi","₹20,000 - ₹50,000 a month",35000.0,,Delhi,Delhi
Female Visa Filing Officer,"Chandigarh, Chandigarh","From ₹15,000 a month",,,Chandigarh,Chandigarh
WEB DEVELOPERS,"Hubli, Karnataka",Not specified,,,Hubli,Karnataka
Receptionist,"Kanpur, Uttar Pradesh","₹1,20,000 - ₹2,50,000 a year",185000.0,,Kanpur,Uttar Pradesh
TRAINEE DEVELOPER,"Jaipur, Rajasthan",Not specified,,,Jaipur,Rajasthan
Telecalling executive,"Tiruchchirappalli, Tamil Nadu",Not specified,,,Tiruchchirappalli,Tamil Nadu
E-Commerce Manager,"Tiruppur, Tamil Nadu","₹10,392.40 - ₹37,891.97 a month",24142.185,,Tiruppur,Tamil Nadu
Residential Tutor,"Palghat, Kerala","₹15,784.80 - ₹25,655.16 a month",20719.98,,Palghat,Kerala
Team Member,"Kolkata, West Bengal","₹8,460.63 - ₹21,434.27 a month",14947.45,,Kolkata,West Bengal
CRE and Agency leader,"Tiruppur, Tamil Nadu","Up to ₹5,50,000 a year",,,Tiruppur,Tamil Nadu
Service Advisor,"Tirur, Kerala","₹15,000 - ₹20,000 a month",17500.0,,Tirur,Kerala
Data Validation Associate - Night Shift,Remote,"₹10,000 - ₹15,000 a month",12500.0,Remote,Remote,Remote
Content writer Intern,Remote,Not specified,,Remote,Remote,Remote
Education Counsellor,"Sai Baba Colony, Coimbatore, Tamil Nadu","₹20,000 - ₹40,000 a month",30000.0,Sai Baba Colony,Coimbatore,Tamil Nadu
Assistant Supervisor,"Greater Noida, Uttar Pradesh","₹15,000 - ₹20,000 a month",17500.0,,Greater Noida,Uttar Pradesh
Logistics Trainee,"Kochi, Kerala","₹12,000 - ₹14,000 a month",13000.0,,Kochi,Kerala
Digital Marketing Internship,"Thiruvananthapuram, Kerala","From ₹8,000 a month",,,Thiruvananthapuram,Kerala
Data Entry Operator - Production,"Silvassa, Dadra and Nagar Haveli","₹15,000 - ₹20,000 a month",17500.0,,Silvassa,Dadra and Nagar Haveli
Assistant Supervisor,Remote,"₹15,000 - ₹20,000 a month",17500.0,Remote,Remote,Remote
DATA PROCESSING,"Shastripuram, Agra, Uttar Pradesh","From ₹10,000 a month",,Shastripuram,Agra,Uttar Pradesh
Intern - Computer Vision / Deep Learning,Remote,"₹60,000 - ₹1,20,000 a year",90000.0,Remote,Remote,Remote
Business Development Executive,Remote,"₹8,000 - ₹10,000 a month",9000.0,Remote,Remote,Remote
Billing Associate,"Bengaluru, Karnataka",Not specified,,,Bengaluru,Karnataka
Team Member,"Kazhakuttam, Kerala","₹10,000 - ₹18,000 a month",14000.0,,Kazhakuttam,Kerala
Business Development Associate,"Goregaon, Mumbai, Maharashtra","₹25,000 - ₹30,000 a month",27500.0,Goregaon,Mumbai,Maharashtra
Accountant Trainee,"Kochi, Kerala","₹15,000 - ₹30,000 a month",22500.0,,Kochi,Kerala
Brand Face,"Gurugram, Haryana","₹10,000 - ₹30,000 a month",20000.0,,Gurugram,Haryana
Content Writing Intern,"Ernakulam District, Kerala",Not specified,,,Ernakulam District,Kerala
Passenger Services Supervisor,"Bhubaneswar, Orissa","₹19,367.31 - ₹32,480.22 a month",25923.765,,Bhubaneswar,Orissa
Fresher 2023 | Business Analyst,"Chennai, Tamil Nadu",Not specified,,,Chennai,Tamil Nadu
Video Editor,Remote,"₹8,000 - ₹12,000 a month",10000.0,Remote,Remote,Remote
Physiotherapist,"Mumbai, Maharashtra","₹12,604.66 - ₹40,233.68 a month",26419.17,,Mumbai,Maharashtra
Online Mathematics Teacher,"Bengaluru, Karnataka",₹200 - ₹500 an hour,,,Bengaluru,Karnataka
Freelance Content Writer,Remote,"From ₹9,000 a month",,Remote,Remote,Remote
Trainee Auditor,"Mangalore, Karnataka","₹16,500 - ₹20,000 a month",18250.0,,Mangalore,Karnataka
International Non Voice Process,"Bengaluru, Karnataka",Not specified,,,Bengaluru,Karnataka
PROBATIONARY OFFICER,"Coimbatore, Tamil Nadu","From ₹18,000 a month",,,Coimbatore,Tamil Nadu
bell Boy/Girl,"Kodaikanal, Tamil Nadu","From ₹13,000 a month",,,Kodaikanal,Tamil Nadu
Game Designer - Intern,"Pune, Maharashtra",Not specified,,,Pune,Maharashtra
Business Analyst with an Experienced and Freshers also,Puducherry,Not specified,,Puducherry,Puducherry,Puducherry
Exam Invigilator,"Tirupati, Andhra Pradesh","₹10,000 - ₹18,000 a month",14000.0,,Tirupati,Andhra Pradesh
HR Recruiter,Remote,"₹12,000 - ₹15,000 a month",13500.0,Remote,Remote,Remote
Digital Marketing Executives (Freshers),"Calicut, Kerala",Not specified,,,Calicut,Kerala
Warehouse Executive,"Manali, Chennai, Tamil Nadu","₹12,000 - ₹20,000 a month",16000.0,Manali,Chennai,Tamil Nadu
Billing Executive,"Nilambur, Kerala","₹9,000 - ₹14,000 a month",11500.0,,Nilambur,Kerala
Private Tutor,"Bengaluru, Karnataka","₹15,000 - ₹45,000 a month",30000.0,,Bengaluru,Karnataka
Customer Care Executive - Hindi Must,"Chennai, Tamil Nadu","From ₹15,000 a month",,,Chennai,Tamil Nadu
EDUCATION COUNSELLOR,"Thrissur, Kerala","₹15,000 - ₹25,000 a month",20000.0,,Thrissur,Kerala
Fashion Designer,"Kolkata, West Bengal",Not specified,,,Kolkata,West Bengal
Computer operator,"Barmer, Rajasthan",Not specified,,,Barmer,Rajasthan
Trainee,Remote,"₹10,000 - ₹12,000 a month",11000.0,Remote,Remote,Remote
Warehouse Associate,"Kochi, Kerala","₹14,000 - ₹14,787 a month",14393.5,,Kochi,Kerala
Accademic Counsellor,"Thrissur, Kerala","₹12,000 - ₹20,000 a month",16000.0,,Thrissur,Kerala
Medical Coder Trainee,"Thiruvananthapuram, Kerala","₹15,000 - ₹25,000 a month",20000.0,,Thiruvananthapuram,Kerala
Fresh Graduate,"Talegaon Dabhade, Pune, Maharashtra","₹17,500 - ₹21,000 a month",19250.0,Talegaon Dabhade,Pune,Maharashtra
Management Trainee,"Janakpuri, Delhi, Delhi","₹18,000 - ₹25,000 a month",21500.0,Janakpuri,Delhi,Delhi
Front Office,"Kochi, Kerala","₹20,000 - ₹25,000 a month",22500.0,,Kochi,Kerala
Customer Service Executive,"Dharmsala, Himachal Pradesh","₹10,000 - ₹12,000 a month",11000.0,,Dharmsala,Himachal Pradesh
Delivery Drivers / Delivery Executives / Delivery Boys / Freshers,"Ahmedabad, Gujarat","Up to ₹30,000 a month",,,Ahmedabad,Gujarat
Pizza hut- Team Member,"Aluva, Kerala","Up to ₹10,500 a month",,,Aluva,Kerala
Trainee Associate,"Karimnagar, Telangana","₹12,000 - ₹17,000 a month",14500.0,,Karimnagar,Telangana
Data Entry Executive (delhi only),"Delhi, Delhi","Up to ₹12,500 a month",,,Delhi,Delhi
Trainee Architect,"Delhi, Delhi","₹15,039.68 - ₹67,972.53 a month",41506.104999999996,,Delhi,Delhi
Delivery Partner/Delivery Executive,"Goa, Goa","₹25,000 - ₹40,000 a month",32500.0,,Goa,Goa
Research Trainee,"Mumbai, Maharashtra","₹20,000 - ₹25,000 a month",22500.0,,Mumbai,Maharashtra
"Graphic Designer (Vesu, Surat)","Athwa, Surat, Gujarat","₹1,75,000 - ₹2,50,000 a year",212500.0,Athwa,Surat,Gujarat
Fresher required (operations),"Noida, Uttar Pradesh","₹15,000 - ₹20,000 a month",17500.0,,Noida,Uttar Pradesh
"High School Teacher, IT","Himayatnagar, Hyderabad, Telangana","From ₹15,000 a month",,Himayatnagar,Hyderabad,Telangana
Trainee Digital Marketer,Kerala,"₹5,000 - ₹7,000 a month",6000.0,Kerala,Kerala,Kerala
Video Editor,"Kochi, Kerala","₹15,000 - ₹20,000 a month",17500.0,,Kochi,Kerala
Wardens,"Bengaluru, Karnataka",Not specified,,,Bengaluru,Karnataka
Sand plant operator(Fresher also can apply)Location- Howrah,"Howrah, West Bengal","₹15,000 - ₹17,000 a month",16000.0,,Howrah,West Bengal
Recruiter (0-2 YEARS),Remote,Not specified,,Remote,Remote,Remote
DSMH-HIRING-,India,"₹2,56,870 - ₹2,56,874 a year",256872.0,India,India,India
Option Trader,"Mumbai, Maharashtra",Not specified,,,Mumbai,Maharashtra
Trainee IPQA,"Baddi, Himachal Pradesh","₹1,00,000 - ₹2,00,000 a year",150000.0,,Baddi,Himachal Pradesh
Trainee Auditor,"Mangalore, Karnataka","₹16,500 - ₹20,000 a month",18250.0,,Mangalore,Karnataka
QC (Apparel/Garment),"Tiruppur, Tamil Nadu","₹12,000 - ₹18,000 a month",15000.0,,Tiruppur,Tamil Nadu
Cashier,"Kazhakoottam, Thiruvananthapuram, Kerala","₹9,000 - ₹15,000 a month",12000.0,Kazhakoottam,Thiruvananthapuram,Kerala
Business Development Associate,"Pune, Maharashtra","₹20,585.48 - ₹39,150.69 a month",29868.085,,Pune,Maharashtra
Business Associate,"Sahibganj, Jharkhand","From ₹22,000 a month",,,Sahibganj,Jharkhand
HR Intern,Remote,"₹3,000 - ₹6,000 a month",4500.0,Remote,Remote,Remote
MEDICAL REPRESENTATIVE,"Kochi, Kerala","From ₹20,00,000 a year",,,Kochi,Kerala
Content Strategist & Writer,Remote,₹60 an hour,,Remote,Remote,Remote
Fresher-Bcom,"Delhi, Delhi","₹15,000 - ₹20,000 a month",17500.0,,Delhi,Delhi
Manager - Activation,"Tezpur, Assam",Not specified,,,Tezpur,Assam
Business Analyst Fresher,"Goregaon, Mumbai, Maharashtra","₹1,80,000 a year",180000.0,Goregaon,Mumbai,Maharashtra
Non Voice Chat Process,"Badli, Delhi, Delhi","₹14,500 - ₹19,500 a month",17000.0,Badli,Delhi,Delhi
General engineer trainee,"Erode, Tamil Nadu","₹15,000 - ₹22,000 a month",18500.0,,Erode,Tamil Nadu
Physiotherapy Germany,"Greater Noida, Uttar Pradesh","₹2,00,000 - ₹2,50,000 a month",225000.0,,Greater Noida,Uttar Pradesh
Fresher Front End Developer,"Indore, Madhya Pradesh",Not specified,,,Indore,Madhya Pradesh
Facilitator,"Ashoknagar, Madhya Pradesh","From ₹12,000 a month",,,Ashoknagar,Madhya Pradesh
FRESHERS – TELECALLERS,"Hyderabad, Telangana",Not specified,,,Hyderabad,Telangana
Office Assistant,"Habra, West Bengal","₹7,000 - ₹8,000 a month",7500.0,,Habra,West Bengal
PSM,"Jaipur, Rajasthan",Not specified,,,Jaipur,Rajasthan
Management Trainee,"Delhi, Delhi","₹23,082 - ₹60,000 a month",41541.0,,Delhi,Delhi
Trainee Store,"Vypin, Kerala","From ₹10,000 a month",,,Vypin,Kerala
QC- Jr. Officer,"Pune, Maharashtra",Not specified,,,Pune,Maharashtra
Website Designer & Developer,"Namakkal, Tamil Nadu","₹1,20,000 - ₹6,00,000 a year",360000.0,,Namakkal,Tamil Nadu
Store In-charge,"Runkata, Agra, Uttar Pradesh","From ₹13,000 a month",,Runkata,Agra,Uttar Pradesh
fresher's PUC and Graduates,"Bengaluru, Karnataka",Not specified,,,Bengaluru,Karnataka
PHP Trainee/ Fresher,"Jaipur, Rajasthan",Not specified,,,Jaipur,Rajasthan
SEO Fresher/Trainee,"Faridabad, Haryana",Not specified,,,Faridabad,Haryana
Operations executive,"Domlur, Bengaluru, Karnataka","₹22,000 - ₹26,000 a month",24000.0,Domlur,Bengaluru,Karnataka
Intern - Software Development [Fresher],"Bengaluru, Karnataka",Not specified,,,Bengaluru,Karnataka
Trainee Web Developer,"Coimbatore, Tamil Nadu",Not specified,,,Coimbatore,Tamil Nadu
Business Development,"Thane, Maharashtra","₹11,957.98 - ₹52,489.13 a month",32223.555,,Thane,Maharashtra
Trainee - Quality,"Delhi, Delhi","₹17,000 - ₹35,000 a month",26000.0,,Delhi,Delhi
Modelling,"Mumbai, Maharashtra","₹30,000 - ₹45,000 a month",37500.0,,Mumbai,Maharashtra
HR Intern,Remote,"₹6,086 - ₹20,000 a month",13043.0,Remote,Remote,Remote
Computer Hardware & Networking Engineer,"Kochi, Kerala","₹5,000 - ₹6,500 a month",5750.0,,Kochi,Kerala
Technical Marketing,"Bengaluru, Karnataka","₹4,50,000 a year",450000.0,,Bengaluru,Karnataka
Industrial Trainee - Coffee,"Kushalnagar, Karnataka",Not specified,,,Kushalnagar,Karnataka
"Data Entry (Fresher), Tiruppur","Tiruppur, Tamil Nadu","₹11,000 - ₹13,000 a month",12000.0,,Tiruppur,Tamil Nadu
Staff Trainee,"Amroha, Uttar Pradesh","₹1,25,000 - ₹2,00,000 a year",162500.0,,Amroha,Uttar Pradesh
Video Editor in Coimbatore,"Coimbatore, Tamil Nadu","₹8,000 - ₹20,000 a month",14000.0,,Coimbatore,Tamil Nadu
Unit Coordinator,"Yadgir, Karnataka","Up to ₹20,000 a month",,,Yadgir,Karnataka
Web Developer Trainees (Freshers),"Calicut, Kerala",Not specified,,,Calicut,Kerala
Office Assistant,"Kochi, Kerala","₹8,086 - ₹12,000 a month",10043.0,,Kochi,Kerala
Software Trainee,"Thiruvananthapuram, Kerala",Not specified,,,Thiruvananthapuram,Kerala
Trainee Executive,"Bengaluru, Karnataka",Not specified,,,Bengaluru,Karnataka
Business Development Associate,"Coimbatore, Tamil Nadu","₹15,000 - ₹40,000 a month",27500.0,,Coimbatore,Tamil Nadu
Looking for Course Counsellors/Tele callers on Commission Basis,"Kayankulam, Kerala","₹20,000 - ₹80,000 a month",50000.0,,Kayankulam,Kerala
Software Trainee,"Thiruvananthapuram District, Kerala","₹5,000 - ₹8,000 a month",6500.0,,Thiruvananthapuram District,Kerala
Trainee,"Perungudi, Chennai, Tamil Nadu","₹15,000 - ₹18,000 a month",16500.0,Perungudi,Chennai,Tamil Nadu
Opening for Delivery Partner,"Kottayam, Kerala","From ₹20,086 a month",,,Kottayam,Kerala
Trainee,"Coimbatore, Tamil Nadu",Not specified,,,Coimbatore,Tamil Nadu
Service Engineer(Trainee),"Gurugram, Haryana",Not specified,,,Gurugram,Haryana
Business Development Associate,Remote,"₹10,813.14 - ₹39,892.82 a month",25352.98,Remote,Remote,Remote
Accounting Faculty,"Tiruvalla, Kerala","₹10,000 - ₹13,000 a month",11500.0,,Tiruvalla,Kerala
Production Co-ordinator,"Mumbai, Maharashtra","₹8,000 - ₹25,000 a month",16500.0,,Mumbai,Maharashtra
Female Allocation Executive,"Kochi, Kerala","₹20,000 - ₹23,000 a month",21500.0,,Kochi,Kerala
Delivery Executive/Delivery Partner,"Gurugram, Haryana","₹18,000 - ₹35,000 a month",26500.0,,Gurugram,Haryana
Electrical Assembler,"Coimbatore, Tamil Nadu","₹20,000 a month",20000.0,,Coimbatore,Tamil Nadu
Architect,"Ahmedabad, Gujarat","₹18,000 - ₹35,000 a month",26500.0,,Ahmedabad,Gujarat
Sales Officer (SO),"Alleppey, Kerala","₹18,000 - ₹22,000 a month",20000.0,,Alleppey,Kerala
Project Assistant,"Attur, Tamil Nadu","₹12,937.04 - ₹15,000.00 a month",13968.52,,Attur,Tamil Nadu
Content Writer-Remote,"Calicut, Kerala","₹2,00,000 - ₹3,00,000 a year",250000.0,,Calicut,Kerala
Customer Relationship Executive - B2B,"Thiruvananthapuram, Kerala","₹14,000 - ₹20,000 a month",17000.0,,Thiruvananthapuram,Kerala
Office Assistant,"Kochi, Kerala","₹8,086.00 - ₹22,552.53 a month",15319.265,,Kochi,Kerala
Air Conditioning Technician,"Ambawadi, Ahmedabad, Gujarat","Up to ₹50,000 a month",,Ambawadi,Ahmedabad,Gujarat
FRESHER graduate (Any Field),"Jagnath Plot, Rajkot, Gujarat","₹1,20,000 - ₹3,50,000 a year",235000.0,Jagnath Plot,Rajkot,Gujarat
Purchase Assistant,"Tiruppur, Tamil Nadu","₹13,000 a month",13000.0,,Tiruppur,Tamil Nadu
Badminton Coach,"Bengaluru, Karnataka","From ₹20,000 a month",,,Bengaluru,Karnataka
Badminton Coach,"Bengaluru, Karnataka","From ₹20,000 a month",,,Bengaluru,Karnataka
AutoCAD Draftsman,"Gundavali, Mumbai, Maharashtra","₹10,000 - ₹20,000 a month",15000.0,Gundavali,Mumbai,Maharashtra
"Staff Nurse,ANM, GNM,","Chennai, Tamil Nadu","₹10,000 - ₹15,000 a month",12500.0,,Chennai,Tamil Nadu
WANTED B.E CIVIL CANDIDATES WITH CAD KNOWLEDGE,"Simmakkal, Madurai, Tamil Nadu","₹12,000 - ₹22,000 a month",17000.0,Simmakkal,Madurai,Tamil Nadu
Digital Marketing Specialist,"Chandigarh, Chandigarh","₹1,80,000 - ₹3,00,000 a year",240000.0,,Chandigarh,Chandigarh
Spot Offer for Customer Support Executive,"Teynampet, Chennai, Tamil Nadu","₹11,000 - ₹17,000 a month",14000.0,Teynampet,Chennai,Tamil Nadu
Associate Sales Manager,"Vashi, Navi Mumbai, Maharashtra","From ₹20,000 a month",,Vashi,Navi Mumbai,Maharashtra
Assembly Line Operator,"Chennai, Tamil Nadu","₹13,000 - ₹15,000 a month",14000.0,,Chennai,Tamil Nadu
Field Marketing Executive,"Egmore, Chennai, Tamil Nadu","₹9,838.25 - ₹27,777.89 a month",18808.07,Egmore,Chennai,Tamil Nadu
Receptionist (Female),"Navlakha, Indore, Madhya Pradesh","₹10,000 - ₹12,000 a month",11000.0,Navlakha,Indore,Madhya Pradesh
Doctor,"Bellary, Karnataka","₹20,000 - ₹25,000 a month",22500.0,,Bellary,Karnataka
Delivery Drivers / Delivery Executives / Delivery Boys / Freshers,"Chandigarh, Chandigarh","Up to ₹30,000 a month",,,Chandigarh,Chandigarh
Staff Nurse- Female,"Chennai, Tamil Nadu","₹15,000 - ₹20,000 a month",17500.0,,Chennai,Tamil Nadu
Business Development Executive (BDE),"Kochi, Kerala","₹13,000 - ₹15,000 a month",14000.0,,Kochi,Kerala
Customer Service Representative,"Indore, Madhya Pradesh","₹10,000 - ₹15,000 a month",12500.0,,Indore,Madhya Pradesh
Staff Nurse,"Kottayam, Kerala","From ₹20,000 a month",,,Kottayam,Kerala
Female Customer Care Executive (Surat),"Surat, Gujarat","₹10,000 - ₹16,000 a month",13000.0,,Surat,Gujarat
Sales Representative,"Uppal Kalan, Hyderabad, Telangana","₹10,000 - ₹15,000 a month",12500.0,Uppal Kalan,Hyderabad,Telangana
Travel Consultant (FEMALE ONLY),"Jetalpur, Vadodara, Gujarat","₹15,000 - ₹25,000 a month",20000.0,Jetalpur,Vadodara,Gujarat
Digital Marketing Executive,"Zirakpur, Punjab","₹6,000 - ₹8,000 a month",7000.0,,Zirakpur,Punjab
Lead Generation Specialist,"Bengaluru, Karnataka","₹2,40,000 - ₹3,20,000 a year",280000.0,,Bengaluru,Karnataka
Assembly Technician cum Winding Technician,"Karur, Tamil Nadu","₹12,000 - ₹15,000 a month",13500.0,,Karur,Tamil Nadu
Business Development Associate,"Chinchwad, Pune, Maharashtra","From ₹15,000 a month",,Chinchwad,Pune,Maharashtra
డెలివరీ ఎగ్జిక్యూటివ్ / డెలివరీ భాగస్వామి,"Hyderabad, Telangana","₹18,000 - ₹35,000 a month",26500.0,,Hyderabad,Telangana
Urgent Requirements of CHEMISTRY Teacher for NEET & JEE Main level,"Pune, Maharashtra","₹3,60,000 - ₹6,00,000 a year",480000.0,,Pune,Maharashtra
Digital Marketing Specialist,"Gurugram, Haryana","₹20,000 - ₹30,000 a month",25000.0,,Gurugram,Haryana
Field Executive,"Ahmedabad, Gujarat","₹10,000 - ₹12,000 a month",11000.0,,Ahmedabad,Gujarat
Telecaller Executive,"Gurugram, Haryana","₹8,000 - ₹15,000 a month",11500.0,,Gurugram,Haryana
Bussiness Development Executive,"Ashok Nagar, Ranchi, Jharkhand","₹8,000 - ₹15,000 a month",11500.0,Ashok Nagar,Ranchi,Jharkhand
Inbound Banking Hindi Voice Process,"Teynampet, Chennai, Tamil Nadu","₹14,000 - ₹16,000 a month",15000.0,Teynampet,Chennai,Tamil Nadu
Consultant Doctor,"Salem, Tamil Nadu","₹20,000 - ₹25,000 a month",22500.0,,Salem,Tamil Nadu
Architectural Draftsperson,"Nikol, Ahmedabad, Gujarat","₹8,000 - ₹25,000 a month",16500.0,Nikol,Ahmedabad,Gujarat
Sales and Customer Service Executive,"Nungambakkam High Road, Chennai, Tamil Nadu","₹18,000 - ₹22,000 a month",20000.0,Nungambakkam High Road,Chennai,Tamil Nadu
Fashion Designer(Female) as a FASHION CONSULTANT for a Retail Store,"R.S.Puram West, Tamil Nadu","From ₹12,000 a month",,,R.S.Puram West,Tamil Nadu
Aesthetic Surgeon,"T Nagar, Chennai, Tamil Nadu","₹45,000 - ₹50,000 a month",47500.0,T Nagar,Chennai,Tamil Nadu
Robotics / STEM Trainer,"Jaipur, Rajasthan","₹1,80,000 - ₹4,80,000 a year",330000.0,,Jaipur,Rajasthan
Diploma Mechanical Engineer - Design Engineer Trainee,"Coimbatore, Tamil Nadu","₹13,000 - ₹15,000 a month",14000.0,,Coimbatore,Tamil Nadu
Business Development Executive (BDE),"Bopal, Ahmedabad, Gujarat","₹15,000 - ₹35,000 a month",25000.0,Bopal,Ahmedabad,Gujarat
Admission Counselor/ Telecaler Executive,"Chandigarh, Chandigarh","From ₹15,000 a month",,,Chandigarh,Chandigarh
Sales Staff,"Chennai, Tamil Nadu","₹15,000 - ₹16,000 a month",15500.0,,Chennai,Tamil Nadu
STUDY ABROAD Admission Process Associate,"Kochi, Kerala","₹8,000 - ₹15,000 a month",11500.0,,Kochi,Kerala
Production Supervisor,"Rajkot, Gujarat","From ₹10,000 a month",,,Rajkot,Gujarat
Delivery Partner/Delivery Executive,"Bhubaneswar, Orissa","₹25,000 - ₹40,000 a month",32500.0,,Bhubaneswar,Orissa
Software Sales Executive,"Calicut, Kerala","₹8,587.91 - ₹33,638.68 a month",21113.295,,Calicut,Kerala
Tele Caller Executive,"New Alipur, Kolkata, West Bengal","₹8,000 - ₹12,500 a month",10250.0,New Alipur,Kolkata,West Bengal
Need STUDY/TOURIST visa Councellor,"Ghumar Mandi, Ludhiana, Punjab","From ₹25,000 a month",,Ghumar Mandi,Ludhiana,Punjab
Tele Calling Executive,"Ashoknagar, Bengaluru, Karnataka","₹15,000 - ₹20,000 a month",17500.0,Ashoknagar,Bengaluru,Karnataka
Territory Sales Officer,"Athgaon, Guwahati, Assam","₹15,000 - ₹21,000 a month",18000.0,Athgaon,Guwahati,Assam
Draughtsman Mechanical,"Talawade, Pune, Maharashtra","₹10,000 - ₹18,000 a month",14000.0,Talawade,Pune,Maharashtra
Business Development Executive,"Vadodara, Gujarat","₹10,000 - ₹36,000 a month",23000.0,,Vadodara,Gujarat
Restaurant Staff,"Vizhinjam, Thiruvananthapuram, Kerala","₹15,000 - ₹40,000 a month",27500.0,Vizhinjam,Thiruvananthapuram,Kerala
Aesthetic Surgeon,"Visakhapatnam, Andhra Pradesh","₹45,000 - ₹50,000 a month",47500.0,,Visakhapatnam,Andhra Pradesh
JUNIOR ARCHITECT,"Salt Lake City, West Bengal","₹15,000 - ₹25,000 a month",20000.0,,Salt Lake City,West Bengal
Delivery Partner/Delivery Executive,"Kolkata, West Bengal","₹15,000 - ₹35,000 a month",25000.0,,Kolkata,West Bengal
Interior Designer,"Mumbai, Maharashtra","₹1,80,000 - ₹3,00,000 a year",240000.0,,Mumbai,Maharashtra
"Inside Sales Account Manager - - Preferred from Hyderabad, TS","Hyderabad, Telangana","₹2,00,000 - ₹3,00,000 a year",250000.0,,Hyderabad,Telangana
Community Associate (Social Worker),"Kochi, Kerala","₹12,000 - ₹25,000 a month",18500.0,,Kochi,Kerala
Tele Marketing Executive,"Anna Nagar East, Chennai, Tamil Nadu","₹15,000 - ₹20,000 a month",17500.0,Anna Nagar East,Chennai,Tamil Nadu
Customer Relationship Executive (for Rajkot candidate only),"Rajkot, Gujarat","₹10,000 - ₹25,000 a month",17500.0,,Rajkot,Gujarat
Business Development Officer,"Bengaluru, Karnataka","₹11,025.27 - ₹30,000.00 a month",20512.635000000002,,Bengaluru,Karnataka
Delivery Executive/Delivery Partner,"Noida, Uttar Pradesh","₹18,000 - ₹35,000 a month",26500.0,,Noida,Uttar Pradesh
Staff Nurse (Dermatology; Nungambakkam Chennai),"Nungambakkam, Chennai, Tamil Nadu","₹14,000 - ₹30,000 a month",22000.0,Nungambakkam,Chennai,Tamil Nadu
Junior Landscape Architect,"Bengaluru, Karnataka","From ₹18,000 a month",,,Bengaluru,Karnataka
Stock Market Trader,"Gurugram, Haryana","₹50,000 - ₹2,00,000 a year",125000.0,,Gurugram,Haryana
Sales executive-(MBA Freshers),"Kochi, Kerala","₹15,000 - ₹20,000 a month",17500.0,,Kochi,Kerala
Sales Executive / Sales Manager - Real Estate,"Kochi, Kerala","₹20,000 - ₹30,000 a month",25000.0,,Kochi,Kerala
Junior Sales and Marketing Executive (Healthcare),"Pune, Maharashtra","₹15,000 - ₹20,000 a month",17500.0,,Pune,Maharashtra
Hairdresser,"Rajarajeshwari Nagar, Bengaluru, Karnataka","₹18,000 - ₹22,000 a month",20000.0,Rajarajeshwari Nagar,Bengaluru,Karnataka
Commis Chef,"Andheri West, Mumbai, Maharashtra","₹9,686.71 - ₹23,431.79 a month",16559.25,Andheri West,Mumbai,Maharashtra
Inside Sales Executive,"Vastrapur, Ahmedabad, Gujarat","₹15,000 - ₹25,000 a month",20000.0,Vastrapur,Ahmedabad,Gujarat
Site Engineer,"Nandanam, Chennai, Tamil Nadu","From ₹15,000 a month",,Nandanam,Chennai,Tamil Nadu
Sales & Marketing Assistant manager,"Surat, Gujarat","₹18,000 - ₹20,000 a month",19000.0,,Surat,Gujarat
Trainee,"Navadwip, West Bengal","₹10,000 - ₹12,000 a month",11000.0,,Navadwip,West Bengal
Lead Generation Executive,"Mumbai, Maharashtra","₹10,000 - ₹13,000 a month",11500.0,,Mumbai,Maharashtra
Sales & Marketing Assistant manager,"Mumbai, Maharashtra","₹20,000 - ₹22,000 a month",21000.0,,Mumbai,Maharashtra
Physiotherapist,"Madurai, Tamil Nadu","₹8,086.00 - ₹29,664.21 a month",18875.105,,Madurai,Tamil Nadu
Site Engineer,"Pimpri-Chinchwad, Maharashtra","₹10,601.15 - ₹15,000.00 a month",12800.575,,Pimpri-Chinchwad,Maharashtra
Renewals Executive,"Mumbai, Maharashtra","₹10,000 - ₹13,000 a month",11500.0,,Mumbai,Maharashtra
Electrical Engineer,"Thrissur, Kerala","₹15,000 - ₹20,000 a month",17500.0,,Thrissur,Kerala
Field Sales Representative,"Karvenagar, Pune, Maharashtra","₹20,000 - ₹35,000 a month",27500.0,Karvenagar,Pune,Maharashtra
Café All Rounder/Barista/Tea House Chef,"Tiruchchirappalli, Tamil Nadu","From ₹12,000 a month",,,Tiruchchirappalli,Tamil Nadu
Beauty and Massage Therapist,"Chennai, Tamil Nadu","From ₹20,000 a month",,,Chennai,Tamil Nadu
Back Office Executive (Operations Insurance),"Ujjain, Madhya Pradesh","₹10,500 - ₹20,000 a month",15250.0,,Ujjain,Madhya Pradesh
Business Development Executive (Freshers & Experienced),"Chandigarh, Chandigarh",Not specified,,,Chandigarh,Chandigarh
Sales & Marketing Manager,"Kolkata, West Bengal","Up to ₹35,000 a month",,,Kolkata,West Bengal
Sales & Marketing Officer,"Kochi, Kerala","₹15,000 - ₹18,000 a month",16500.0,,Kochi,Kerala
Field Sales Representative,"Bengaluru, Karnataka","₹15,000 - ₹25,000 a month",20000.0,,Bengaluru,Karnataka
